protein,pearson_correlation,protein_uniprot
AAAS,,Q9NRG9
AADAC,,P22760
AADACL2,,Q6P093
AADAT,,Q8N5Z0
AASS,,Q9UDR5
AATF,,Q9NY61
ABAT,,P80404
ABCA1,,O95477
ABCB1,,P08183
ABCB11,,O95342
ABCB4,,P21439
ABCB6,,Q9NP58
ABCB7,,O75027
ABCC1,,P33527
ABCC10,,Q5T3U5
ABCC11,,Q96J66
ABCC2,,Q92887
ABCC3,,O15438
ABCC4,,O15439
ABCC5,,O15440
ABCC6,,O95255
ABCC8,,Q09428
ABCC9,,O60706
ABCG1,,P45844
ABCG2,,Q9UNQ0
ABHD10,,Q9NUJ1
ABHD11,,Q8NFV4
ABHD12,,Q8N2K0
ABHD14A,,Q9BUJ0
ABHD14B,,Q96IU4
ABHD16A,,O95870
ABHD4,,Q8TB40
ABHD5,,Q8WTS1
ABHD6,,Q9BV23
ABL1,0.008883491101895144,P00519
ABL2,,P42684
ABRA,,Q8N0Z2
ABT1,,Q9ULW3
ACAA1,,P09110
ACAA2,,P42765
ACACA,,Q13085
ACACB,,O00763
ACADM,,P11310
ACADSB,,P45954
ACADVL,,P49748
ACAN,,P16112
ACAT1,,P24752
ACCS,,Q96QU6
ACCSL,,Q4AC99
ACE,,P12821
ACE2,,Q9BYF1
ACHE,,P22303
ACKR3,,P25106
ACLY,,P53396
ACMSD,,Q8TDX5
ACO1,,P21399
ACO2,,Q99798
ACOX1,,Q15067
ACP1,,P24666
ACP5,,P13686
ACR,,P10323
ACSL1,,P33121
ACSL3,,O95573
ACSL4,,O60488
ACSM1,,Q08AH1
ACSS1,,Q9NUB1
ACSS2,,Q9NR19
ACTA1,,P68133
ACTA2,,P62736
ACTB,,P60709
ACTBL2,,Q562R1
ACTC1,,P68032
ACTG2,,P63267
ACTL10,,Q5JWF8
ACTL6A,,O96019
ACTL6B,,O94805
ACTL7A,,Q9Y615
ACTL7B,,Q9Y614
ACTL8,,Q9H568
ACTL9,,Q8TC94
ACTR10,,Q9NZ32
ACTR1A,,P61163
ACTR1B,,P42025
ACTR2,,P61160
ACTR3,,P61158
ACTR3B,,Q9P1U1
ACTR3C,,Q9C0K3
ACTR8,,Q9H981
ACTRT1,,Q8TDG2
ACTRT2,,Q8TDY3
ACTRT3,,Q9BYD9
ACVR1,,Q04771
ACVR1B,,P36896
ACVR1C,,Q8NER5
ACVRL1,,P37023
ACY1,,Q03154
ACY3,,Q96HD9
ADA,,P00813
ADA2,,Q9NZK5
ADAL,,Q6DHV7
ADAM10,,O14672
ADAM17,,P78536
ADAM28,,Q9UKQ2
ADAM33,,Q9BZ11
ADAMTS4,,O75173
ADAMTS5,,Q9UNA0
ADCK4,,None
ADCY1,,Q08828
ADCY10,,Q96PN6
ADCY2,,Q08462
ADCY4,,Q8NFM4
ADCY5,,O95622
ADCY6,,O43306
ADCY7,,P51828
ADCY9,,O60503
ADCYAP1,,P18509
ADCYAP1R1,,P41586
ADH1A,,P07327
ADH1B,,P00325
ADH1C,,P00326
ADH4,,P08319
ADH5,,P11766
ADH6,,P28332
ADH7,,P40394
ADIPOQ,,Q15848
ADIPOR1,,Q96A54
ADIPOR2,,Q86V24
ADK,,P55263
ADM,,P35318
ADNP,,Q9H2P0
ADNP2,,Q6IQ32
ADORA1,,P30542
ADORA2A,,P29274
ADORA2B,,P29275
ADORA3,,P0DMS8
ADRA1A,,P35348
ADRA1B,,P35368
ADRA1D,,P25100
ADRA2A,,P08913
ADRA2B,,P18089
ADRA2C,,P18825
ADRB1,,P08588
ADRB2,-0.02612032847026759,P07550
ADRB3,,P13945
ADRBK1,,None
ADRBK2,,None
ADSS,,None
ADSSL1,,None
AEBP1,,Q8IUX7
AEBP2,,Q6ZN18
AES,,None
AFF1,,P51825
AFF2,,P51816
AFF3,,P51826
AFF4,,Q9UHB7
AFG3L2,,Q9Y4W6
AGER,,Q15109
AGO2,,Q9UKV8
AGRN,,O00468
AGT,,P01019
AGTR1,,P30556
AGTR2,,P50052
AGTRAP,,Q6RW13
AGXT,,P21549
AGXT2,,Q9BYV1
AHCY,,P23526
AHR,0.02466458173110623,P35869
AHRR,,A9YTQ3
AHSP,,Q9NZD4
AIP,,O00170
AIRE,,O43918
AJUBA,,Q96IF1
AK1,,P00568
AKAP13,,Q12802
AKR1A1,,P14550
AKR1B1,,P15121
AKR1B10,,O60218
AKR1C1,,Q04828
AKR1C2,,P52895
AKR1C3,,P42330
AKR1C4,,P17516
AKR1D1,,P51857
AKR1E2,,Q96JD6
AKT1,,P31749
AKT2,,P31751
AKT3,,Q9Y243
ALAD,,P13716
ALAS1,,P13196
ALAS2,,P22557
ALB,,P02768
ALDH16A1,,Q8IZ83
ALDH18A1,,P54886
ALDH1A1,,P00352
ALDH1A2,,O94788
ALDH1A3,,P47895
ALDH1B1,,P30837
ALDH1L1,,O75891
ALDH1L2,,Q3SY69
ALDH2,,P05091
ALDH3A1,,P30838
ALDH3A2,,P51648
ALDH3B2,,P48448
ALDH4A1,,P30038
ALDH5A1,,P51649
ALDH7A1,,P49419
ALDH8A1,,Q9H2A2
ALDH9A1,,P49189
ALK,,Q9UM73
ALKBH2,,Q6NS38
ALKBH3,,Q96Q83
ALOX12,,P18054
ALOX15,,P16050
ALOX15B,,O15296
ALOX5,,P09917
ALOX5AP,,P20292
ALPG,,P10696
ALPI,,P09923
ALPL,,P05186
ALPP,,P05187
ALPPL2,,None
ALX1,,Q15699
ALX3,,O95076
ALX4,,Q9H161
AMACR,,Q9UHK6
AMD1,,P17707
AMHR2,,Q16671
AMOTL1,,Q8IY63
AMOTL2,,Q9Y2J4
AMPD2,,Q01433
AMY1A,,104700
AMY1B,,104701
AMY1C,,P04745
AMY2A,,P04746
ANG,,P03950
ANGPT1,,Q15389
ANGPT2,,O15123
ANGPTL4,,Q9BY76
ANHX,,E9PGG2
ANKH,,Q9HCJ1
ANKLE2,,Q86XL3
ANKRD1,,Q15327
ANKRD30A,,Q9BXX3
ANO1,,Q5XXA6
ANO6,,Q4KMQ2
ANPEP,,P15144
ANXA1,,P04083
ANXA4,,P09525
ANXA5,,P08758
AOC1,,P19801
AOC3,,Q16853
AOX1,,Q06278
APAF1,,O14727
APBB1,,O00213
APC,,P25054
APEH,,P13798
APEX1,,P27695
APH1B,,Q8WW43
APLNR,,P35414
APOA1,,P02647
APOA2,,P02652
APOA5,,Q6Q788
APOB,,P04114
APOE,,P02649
APOF,,Q13790
APOH,,P02749
APP,,P05067
APRT,,P07741
AQP1,,P29972
AQP10,,Q96PS8
AQP2,,P41181
AQP3,,Q92482
AQP4,,P55087
AQP5,,P55064
AQP6,,Q13520
AQP7,,O14520
AQP8,,O94778
AQP9,,O43315
ARAF,,P10398
ARAP1,,Q96P48
ARAP2,,Q8WZ64
ARF1,,P84077
ARF4,,P18085
ARF5,,P84085
ARF6,,P62330
ARFGAP1,,Q8N6T3
ARFGAP3,,Q9NP61
ARFGEF1,,Q9Y6D6
ARFGEF2,,Q9Y6D5
ARG1,,P05089
ARG2,,P78540
ARHGAP1,,Q07960
ARHGAP35,,Q9NRY4
ARHGAP4,,P98171
ARHGAP5,,Q13017
ARHGAP6,,O43182
ARHGEF6,,Q15052
ARHGEF7,,Q14155
ARID1A,,O14497
ARID1B,,Q8NFD5
ARID2,,Q68CP9
ARID3A,,Q99856
ARID3B,,Q8IVW6
ARID3C,,A6NKF2
ARID4A,,P29374
ARID4B,,Q4LE39
ARID5A,,Q03989
ARID5B,,Q14865
ARL1,,P40616
ARL16,,Q0P5N6
ARL2,,P36404
ARL2BP,,Q9Y2Y0
ARL5A,,Q9Y689
ARL5B,,Q96KC2
ARL6,,Q9H0F7
ARL6IP5,,O75915
ARNT,,P27540
ARNT2,,Q9HBZ2
ARNTL,,O00327
ARNTL2,,Q8WYA1
ARPC1B,,O15143
ARPC2,,O15144
ARPC3,,O15145
ARPC4,,P59998
ARPC5,,O15511
ARRB1,,P49407
ARTN,,Q5T4W7
ARX,,Q96QS3
AS3MT,,Q9HBK9
ASAH1,,Q13510
ASAP1,,Q9ULH1
ASAP2,,O43150
ASCL1,,P50553
ASCL2,,Q99929
ASCL3,,Q9NQ33
ASCL4,,Q6XD76
ASCL5,,Q7RTU5
ASH1L,,Q9NR48
ASH2L,,Q9UBL3
ASIC1,,P78348
ASIC2,,Q16515
ASIC3,,Q9UHC3
ASIC4,,Q96FT7
ASMT,,P46597
ASNA1,,None
ASNS,,P08243
ASPA,,P45381
ASPH,,Q12797
ASRGL1,,Q7L266
ASS1,,P00966
ASXL1,,Q8IXJ9
ATF1,0.013926938994693498,P18846
ATF2,0.004868395885397244,P15336
ATF3,-0.009335762844050256,P18847
ATF4,0.0004105540043032428,P18848
ATF5,-0.020286466218911954,Q9Y2D1
ATF6,-0.006803089173354943,P18850
ATF6B,,Q99941
ATF7,-0.006698586879848787,P17544
ATF7IP,,Q6VMQ6
ATG5,,Q9H1Y0
ATIC,,P31939
ATM,,Q13315
ATN1,,P54259
ATOH1,,Q92858
ATOH7,,Q8N100
ATOH8,,Q96SQ7
ATP10A,,O60312
ATP11B,,Q9Y2G3
ATP11C,,Q8NB49
ATP12A,,P54707
ATP13A1,,Q9HD20
ATP1A1,,P05023
ATP1A2,,P50993
ATP1A3,,P13637
ATP1A4,,Q13733
ATP1B1,,P05026
ATP1B2,,P14415
ATP1B3,,P54709
ATP1B4,,Q9UN42
ATP2A1,,O14983
ATP2A2,,P16615
ATP2A3,,Q93084
ATP2B1,,P20020
ATP2C1,,P98194
ATP2C2,,O75185
ATP4A,,P20648
ATP4B,,P51164
ATP5A1,,None
ATP5B,,None
ATP5C1,,None
ATP5D,,None
ATP5F1,,None
ATP6AP2,,O75787
ATP6V1A,,P38606
ATP6V1B2,,P21281
ATP6V1C1,,P21283
ATP7A,,Q04656
ATP7B,,P35670
ATP8B2,,P98198
ATP8B4,,Q8TF62
ATR,,Q13535
ATXN7L3,,Q14CW9
AURKA,,O14965
AURKB,,Q96GD4
AURKC,,Q9UQB9
AVIL,,O75366
AVP,,P01185
AVPR1A,,P37288
AVPR1B,,P47901
AVPR2,,P30518
AXIN1,,O15169
AXL,,P30530
AZU1,,P20160
BAAT,,Q14032
BACE1,,P56817
BACH1,,O14867
BACH2,,Q9BYV9
BAD,,Q92934
BAK1,,Q16611
BANP,,Q8N9N5
BARHL1,,Q9BZE3
BARHL2,,Q9NY43
BARX1,,Q9HBU1
BARX2,,Q9UMQ3
BASP1,,P80723
BATF,,Q16520
BATF2,,Q8N1L9
BATF3,,Q9NR55
BAX,,Q07812
BAZ1A,,Q9NRL2
BAZ1B,,Q9UIG0
BAZ2A,,Q9UIF9
BAZ2B,,Q9UIF8
BBOX1,,O75936
BBX,,Q8WY36
BCAR1,,P56945
BCAT1,,P54687
BCAT2,,O15382
BCHE,,P06276
BCL10,,O95999
BCL11A,,Q9H165
BCL11B,,Q9C0K0
BCL2,,P10415
BCL2A1,,Q16548
BCL2L1,,Q07817
BCL2L11,,O43521
BCL2L2,,601931
BCL3,,P20749
BCL6,,P41182
BCL6B,,Q8N143
BCL9L,,Q86UU0
BCLAF1,,Q9NYF8
BCOR,,Q6W2J9
BCR,,P11274
BCR/ABL fusion,,None
BDKRB1,,P46663
BDKRB2,,P30411
BDNF,,P23560
BDP1,,A6H8Y1
BGLAP,,P02818
BHLHA15,,Q7RTS1
BHLHA9,,Q7RTU4
BHLHE22,,Q8NFJ8
BHLHE23,,Q8NDY6
BHLHE40,,O14503
BHLHE41,,Q9C0J9
BHMG1,,None
BHMT,,Q93088
BID,,P55957
BIK,,Q13323
BIRC2,-0.04531883366356915,Q13490
BIRC3,,Q13489
BIRC5,,O15392
BIRC7,,Q96CA5
BLK,,P51451
BLM,,P54132
BLVRA,,P53004
BLVRB,,P30043
BLZF1,,Q9H2G9
BMI1,,P35226
BMP1,,P13497
BMP2,,P12643
BMP4,,P12644
BMP7,,P18075
BMPR1A,,P36894
BMPR1B,,O00238
BMPR2,,Q13873
BMX,,P51813
BNC1,,Q01954
BNC2,,Q6ZN30
BNIP3,,Q12983
BPHL,,Q86WA6
BPTF,,Q12830
BRAF,,P15056
BRCA1,-0.00565668904273879,P38398
BRCA2,,P51587
BRD1,,O95696
BRD2,-0.03172675629422577,P25440
BRD3,0.0,Q15059
BRD4,-0.061896012068863186,O60885
BRD7,,Q9NPI1
BRD8,,Q9H0E9
BRD9,,Q9H8M2
BRDT,0.0656352647846877,Q58F21
BRF2,,Q9HAW0
BRIP1,,Q9BX63
BRPF1,,P55201
BRPF3,,Q9ULD4
BRS3,,P32247
BRSK1,,Q8TDC3
BRSK2,,Q8IWQ3
BRWD1,,Q9NSI6
BST1,,Q10588
BSX,,Q3C1V8
BTAF1,,O14981
BTF3,,P20290
BTG1,,P62324
BTG3,,Q14201
BTK,,Q06187
BTRC,,Q9Y297
CA1,,P00915
CA10,,Q9NS85
CA11,,O75493
CA12,,O43570
CA13,,Q8N1Q1
CA14,,Q9ULX7
CA2,,P00918
CA3,,P07451
CA4,,P22748
CA5A,,P35218
CA5B,,Q9Y2D0
CA6,,P23280
CA7,,P43166
CA8,,P35219
CA9,,Q16790
CABIN1,,Q9Y6J0
CACNA1A,,O00555
CACNA1B,,Q00975
CACNA1C,,Q13936
CACNA1D,,Q01668
CACNA1E,,Q15878
CACNA1F,,O60840
CACNA1G,,O43497
CACNA1H,,O95180
CACNA1I,,Q9P0X4
CACNA1S,,Q13698
CACNA2D1,,P54289
CACNA2D2,,Q9NY47
CACNA2D3,,Q8IZS8
CACNA2D4,,Q7Z3S7
CACNB1,,Q02641
CACNB2,,Q08289
CACNB3,,P54284
CACNB4,,O00305
CACNG1,,Q06432
CACNG2,,Q9Y698
CACNG3,,O60359
CACNG4,,Q9UBN1
CACNG5,,Q9UF02
CACNG6,,Q9BXT2
CACNG7,,P62955
CACNG8,,Q8WXS5
CAD,,P27708
CADPS,,Q9ULU8
CADPS2,,Q86UW7
CALCA,,P06881
CALCB,,P10092
CALCOCO1,,Q9P1Z2
CALCR,,P30988
CALCRL,,Q16602
CALM1,,P0DP23
CALM2,,P0DP24
CALM3,,P0DP25
CALR,,P27797
CALY,,Q9NYX4
CAMK1,,Q14012
CAMK1D,,Q8IU85
CAMK1G,,Q96NX5
CAMK2A,,Q9UQM7
CAMK2B,,Q13554
CAMK2D,,Q13557
CAMK2G,,Q13555
CAMK4,,Q16566
CAMKK1,,Q8N5S9
CAMKK2,,Q96RR4
CAMLG,,P49069
CAMTA1,,Q9Y6Y1
CAMTA2,,O94983
CANT1,,Q8WVQ1
CAPG,,P40121
CAPN1,,P07384
CAPN15,,O75808
CAPN2,,P17655
CAPNS1,,P04632
CARF,,Q8N187
CARHSP1,,Q9Y2V2
CARM1,,Q86X55
CARTPT,,Q16568
CASP1,,P29466
CASP10,,Q92851
CASP12,,Q6UXS9
CASP2,,P42575
CASP3,,P42574
CASP4,,P49662
CASP6,,P55212
CASP7,,P55210
CASP8,,Q14790
CASP9,,P55211
CASR,,P41180
CASZ1,,Q86V15
CAT,,P04040
CATSPER1,,Q8NEC5
CATSPER2,,Q96P56
CATSPER3,,Q86XQ3
CATSPER4,,Q7RTX7
CAV1,,Q03135
CAVIN1,,Q6NZI2
CBFA2T2,,O43439
CBFA2T3,,O75081
CBFB,,Q13951
CBL,,P22681
CBLIF,,P27352
CBR1,,P16152
CBS,,P35520
CBX2,,Q14781
CBX3,,Q13185
CBX4,,O00257
CBX5,,P45973
CBX6,,O95503
CBX7,,O95931
CBX8,,Q9HC52
CCAR1,,Q8IX12
CCBL1,,None
CCBL2,,None
CCDC59,,Q9P031
CCK,,P06307
CCKAR,,P32238
CCKBR,,P32239
CCL11,,P51671
CCL17,,Q92583
CCL2,,P13500
CCL7,,P80098
CCL8,,P80075
CCN2,,P29279
CCNA2,-0.01373804954782147,P20248
CCNB1,,P14635
CCNC,,P24863
CCND1,,P24385
CCND3,,P30281
CCNE1,-0.023150426316043592,P24864
CCNH,0.0018631905677617487,P51946
CCNT1,-0.03425565929628473,O60563
CCR1,,P32246
CCR2,,P41597
CCR3,,P51677
CCR4,,P51679
CCR5,,P51681
CCR8,,P51685
CCR9,,P51686
CCS,,O14618
CD19,,P15391
CD1A,,P06126
CD2,,P06729
CD209,,Q9NNX6
CD274,,Q9NZQ7
CD28,,P10747
CD36,,P16671
CD38,,P28907
CD3D,,P04234
CD4,,P01730
CD40LG,,P29965
CD44,,P16070
CD55,,P08174
CD80,,P33681
CD86,,P42081
CDA,,P32320
CDC25A,,P30304
CDC25B,,P30305
CDC25C,,P30307
CDC42,,P60953
CDC42BPA,,Q5VT25
CDC42BPB,,Q9Y5S2
CDC5L,,Q99459
CDC60,,None
CDC7,,O00311
CDH1,,P12830
CDH13,,P55290
CDH2,,P19022
CDH5,,P33151
CDIP1,,Q9H305
CDIPT,,O14735
CDK1,,P06493
CDK15,,Q96Q40
CDK2,-0.009685190230979444,P24941
CDK3,,Q00526
CDK4,,P11802
CDK5,,Q00535
CDK5R1,,Q15078
CDK6,,Q00534
CDK7,0.06393845126321236,P50613
CDK8,0.030429640883087177,P49336
CDK9,0.0017263529055641525,P50750
CDKL2,,Q92772
CDKN1A,,P38936
CDKN1B,,P46527
CDKN2B,,P42772
CDKN2C,,P42773
CDKN2D,,P55273
CDX1,,P47902
CDX2,,Q99626
CDX4,,O14627
CDY1B,,Q9Y6F8
CDY2B,,Q9Y6F7
CDYL,,Q9Y232
CEBPA,-0.03273516800149583,P49715
CEBPB,0.02382366100847463,P17676
CEBPD,,P49716
CEBPE,,Q15744
CEBPG,,P53567
CEBPZ,,Q03701
CECR2,,Q9BXF3
CEL,,P19835
CELA1,,Q9UNI1
CENPB,,P07199
CENPE,,Q02224
CENPF,,P49454
CEPT1,,Q9Y6K0
CERK,,Q8TCT0
CERS2,,Q96G23
CERS3,,Q8IU89
CERS4,,Q9HA82
CERS5,,Q8N5B7
CERS6,,Q6ZMG9
CES1,,P23141
CES2,,O00748
CES3,,Q6UWW8
CETP,,P11597
CFB,,P00751
CFD,,P00746
CFH,,P08603
CFL1,,P23528
CFLAR,,O15519
CFTR,,P13569
CGA,,P01215
CGB3,,118860
CHAF1B,,Q13112
CHAT,,P28329
CHD1,0.026492338590170885,O14646
CHD2,,O14647
CHD3,,Q12873
CHD4,,Q14839
CHD6,,Q8TD26
CHD7,,Q9P2D1
CHD8,,Q9HCK8
CHD9,,Q3L8U1
CHEK1,,O14757
CHEK2,,O96017
CHI3L1,,P36222
CHIA,,Q9BZP6
CHIT1,,Q13231
CHKA,,P35790
CHN1,,P15882
CHP1,,Q99653
CHPT1,,Q8WUD6
CHRFAM7A,,Q494W8
CHRM1,,P11229
CHRM2,,P08172
CHRM3,,P20309
CHRM4,,P08173
CHRM5,,P08912
CHRNA1,,P02708
CHRNA10,,Q9GZZ6
CHRNA2,,Q15822
CHRNA3,,P32297
CHRNA4,,P43681
CHRNA5,,P30532
CHRNA6,,Q15825
CHRNA7,,P36544
CHRNA9,,Q9UGM1
CHRNB1,,P11230
CHRNB2,,P17787
CHRNB3,,Q05901
CHRNB4,,P30926
CHRND,,Q07001
CHRNE,,Q04844
CHRNG,,P07510
CHUK,,O15111
CIC,,Q96RK0
CIITA,,P33076
CIR1,,Q86X95
CITED1,,Q99966
CITED2,,Q99967
CITED4,,Q96RK1
CIZ1,,Q9ULV3
CKB,,P12277
CKM,,P06732
CKMT1B,,P12532
CLCA1,,A8K7I4
CLCN1,,P35523
CLCN2,,P51788
CLCN3,,P51790
CLCN7,,P51798
CLCNKA,,P51800
CLCNKB,,P51801
CLDN3,,O15551
CLDN4,,O14493
CLIC2,,O15247
CLK1,,P49759
CLK2,,P49760
CLK3,,P49761
CLK4,,Q9HAZ1
CLOCK,,O15516
CLTA,,P09496
CLTC,,Q00610
CMA1,,P23946
CMPK1,,P30085
CNBD2,,Q96M20
CNBP,,P62633
CNGA1,,P29973
CNOT1,,A5YKK6
CNOT2,,Q9NZN8
CNOT3,,O75175
CNOT6,,Q9ULM6
CNR1,,P21554
CNR2,,P34972
CNTF,,P26441
CNTFR,,P26992
COG2,,Q14746
COL1A1,,P02452
COMMD3-BMI1,,COMMD3-BMI1
COMT,,P21964
COMTD1,,Q86VU5
COPS2,,P61201
COPS5,,Q92905
COQ6,,Q9Y2Z9
CORIN,,Q9Y5Q5
CPA1,,P15085
CPA2,,P48052
CPB1,,P15086
CPB2,,Q96IY4
CPHXL,,A0A1W2PPM1
CPOX,,P36551
CPS1,,P31327
CPSF4,,O95639
CPT1A,,P50416
CPT1B,,Q92523
CPT1C,,Q8TCG5
CPT2,,P23786
CRABP1,,P29762
CRABP2,,P29373
CRAT,,P43155
CRBN,,Q96SW2
CREB1,-0.02275192602360216,P16220
CREB3,,O43889
CREB3L1,,Q96BA8
CREB3L2,,Q70SY1
CREB3L3,,Q68CJ9
CREB3L4,,Q8TEY5
CREB5,,Q02930
CREBBP,-0.0013710742747893656,Q92793
CREBL2,,O60519
CREBZF,,Q9NS37
CREG1,,O75629
CREM,,Q03060
CRH,,P06850
CRHR1,,P34998
CRHR2,,Q13324
CRK,,P46108
CRKL,,P46109
CRP,,P02741
CRTC1,,Q6UUV9
CRTC2,,Q53ET0
CRX,,O43186
CRY1,,Q16526
CRY2,,Q49AN0
CRYM,,Q14894
CRYZ,,Q08257
CSDC2,,Q9Y534
CSDE1,,O75534
CSF1,,P09603
CSF1R,,P07333
CSF2,,P04141
CSF2RA,,P15509
CSF2RB,,P32927
CSF3,,P09919
CSF3R,,Q99062
CSK,,P41240
CSNK1A1,,P48729
CSNK1D,,P48730
CSNK1E,,P49674
CSNK1G2,,P78368
CSNK1G3,,Q9Y6M4
CSNK2A1,,P68400
CSNK2A2,,P19784
CSNK2B,,P67870
CTAG1B,,P78358
CTBP1,,Q13363
CTBP2,,P56545
CTCF,,P49711
CTCFL,,Q8NI51
CTDSP1,,Q9GZU7
CTGF,,None
CTH,,P32929
CTLA4,,P16410
CTNNB1,0.014989307168898942,P35222
CTPS1,,P17812
CTR9,,Q6PD62
CTRB1,,P17538
CTRB2,,Q6GPI1
CTRL,,P40313
CTSA,,P10619
CTSB,,P07858
CTSC,,P53634
CTSD,,P07339
CTSE,,P14091
CTSF,,Q9UBX1
CTSG,,P08311
CTSH,,P09668
CTSK,,P43235
CTSL,,P07711
CTSO,,P43234
CTSS,,P25774
CTSV,,O60911
CTSW,,P56202
CTSZ,,Q9UBR2
CUX1,,Q13948
CUX2,,O14529
CX3CR1,,P49238
CXCL10,,P02778
CXCL12,,P48061
CXCL8,,P10145
CXCR1,,P25024
CXCR2,,P25025
CXCR3,,P49682
CXCR4,,P61073
CXCR6,,O00574
CXXC1,,Q9P0U4
CYBA,,P13498
CYBB,,P04839
CYC1,,P08574
CYCS,,P99999
CYGB,,Q8WWM9
CYP11A1,,P05108
CYP11B1,,P15538
CYP11B2,,P19099
CYP17A1,,P05093
CYP19A1,,P11511
CYP1A1,,P04798
CYP1A2,,P05177
CYP1B1,,Q16678
CYP21A2,,P08686
CYP24A1,,Q07973
CYP26A1,,O43174
CYP26B1,,Q9NR63
CYP27A1,,Q02318
CYP27B1,,O15528
CYP2A13,,Q16696
CYP2A6,,P11509
CYP2A7,,P20853
CYP2B6,,P20813
CYP2C18,,P33260
CYP2C19,,P33261
CYP2C8,,P10632
CYP2C9,,P11712
CYP2D6,,P10635
CYP2E1,,P05181
CYP2F1,,P24903
CYP2J2,,P51589
CYP2R1,,Q6VVX0
CYP2S1,,Q96SQ9
CYP2U1,,Q7Z449
CYP2W1,,Q8TAV3
CYP3A4,,P08684
CYP3A43,,Q9HB55
CYP3A5,,P20815
CYP3A7,,P24462
CYP46A1,,Q9Y6A2
CYP4A11,,Q02928
CYP4B1,,P13584
CYP4F11,,Q9HBI6
CYP4F12,,Q9HCS2
CYP4F2,,P78329
CYP4X1,,Q8N118
CYP4Z1,,Q86W10
CYP51A1,,Q16850
CYP7A1,,P22680
CYP7B1,,O75881
CYP8B1,,Q9UNU6
CYSLTR1,,Q9Y271
CYSLTR2,,Q9NS75
CYTH1,,Q15438
CYTH2,,Q99418
CYTH3,,O43739
CYTH4,,Q9UIA0
DACH1,,Q9UI36
DACH2,,Q96NX9
DAG1,,Q14118
DAGLA,,Q9Y4D2
DAGLB,,Q8NCG7
DAO,,P14920
DAPK1,,P53355
DAPK2,,Q9UIK4
DAPK3,,O43293
DARS,,None
DARS2,,Q6PI48
DAXX,,Q9UER7
DBH,,P09172
DBP,,Q10586
DBX1,,A6NMT0
DBX2,,Q6ZNG2
DCC,,P43146
DCK,,P27707
DCLK2,,Q8N568
DCP2,,Q8IU60
DCTD,,P32321
DDAH1,,O94760
DDAH2,,O95865
DDC,,P20711
DDIT3,0.025738353522998466,P35638
DDR1,,Q08345
DDR2,,Q16832
DDX17,,Q92841
DDX20,,Q9UHI6
DDX5,,P17844
DDX54,,Q8TDD1
DEAF1,,O75398
DEK,,P35659
DFFA,,O00273
DGAT1,,O75907
DGAT2,,Q96PD7
DGKA,,P23743
DHCR24,,Q15392
DHCR7,,Q9UBM7
DHFR,,P00374
DHFR2,,Q86XF0
DHFRP1,,DHFRP1
DHH,,O43323
DHODH,,Q02127
DHPS,,P49366
DHX58,,Q96C10
DHX9,,Q08211
DIO1,,P49895
DIO2,,Q92813
DIRAS1,,O95057
DIRAS2,,Q96HU8
DKK1,,O94907
DLAT,,P10515
DLD,,P09622
DLG4,,P78352
DLX1,,P56177
DLX2,,Q07687
DLX3,,O60479
DLX4,,Q92988
DLX5,,P56178
DLX6,,P56179
DMAP1,,Q9NPF5
DMBX1,,Q8NFW5
DMC1,,Q14565
DMD,,P11532
DMPK,,Q09013
DMRT1,,Q9Y5R6
DMRT2,,Q9Y5R5
DMRT3,,Q9NQL9
DMRTA1,,Q5VZB9
DMRTA2,,Q96SC8
DMRTB1,,Q96MA1
DMRTC2,,Q8IXT2
DMTF1,,Q9Y222
DNA2,,P51530
DNAJC1,,Q96KC8
DNAJC2,,Q99543
DNASE1,,P24855
DNM1,,Q05193
DNM1L,,O00429
DNM2,,P50570
DNMT1,0.00670100516466666,P26358
DNMT3A,,Q9Y6K1
DNMT3B,,Q9UBC3
DNPEP,,Q9ULA0
DOT1L,,Q8TEK3
DPEP1,,P16444
DPF2,,Q92785
DPP4,,P27487
DPP7,,Q9UHL4
DPP8,,Q6V1X1
DPYD,,Q12882
DR1,,Q01658
DRAP1,,Q14919
DRD1,,P21728
DRD2,,P14416
DRD3,,P35462
DRD4,,P21917
DRD5,,P21918
DRGX,,A6NNA5
DSTYK,,Q6XUX3
DTX1,,Q86Y01
DTX4,,Q9Y2E6
DUSP1,,P28562
DUSP6,,Q16828
DUT,,P33316
DUX4,,Q9UBX2
DUX4L4,,P0CJ87
DUXA,,A6NLW8
DYRK1A,,Q13627
DYRK1B,0.005796249975634079,Q9Y463
DYRK2,,Q92630
DYRK3,,O43781
EARS2,,Q5JPH6
EBF1,,Q9UH73
EBF2,,Q9HAK2
EBF3,,Q9H4W6
EBF4,,Q9BQW3
EBP,,Q15125
ECD,,O95905
ECE1,,P42892
ECE2,,P0DPD6
ECEL1,,O95672
EDF1,,O60869
EDN1,,P05305
EDNRA,,P25101
EDNRB,,P24530
EED,,O75530
EEF1A1,,P68104
EEF2,,P13639
EFL1,,Q7Z2Z2
EFTUD1,,None
EFTUD2,,Q15029
EGF,,P01133
EGFR,,P00533
EGLN1,,Q9GZT9
EGLN2,,Q96KS0
EGLN3,,Q9H6Z9
EGR1,,P18146
EGR2,,P11161
EGR3,,Q06889
EGR4,,Q05215
EHF,,Q9NZC4
EHMT1,-0.04836561013870296,Q9H9B1
EHMT2,-0.017072310914931322,Q96KQ7
EID1,,Q9Y6B2
EID2,,Q8N6I1
EIF2A,,Q9BY44
EIF2AK3,,Q9NZJ5
EIF2AK4,,Q9P2K8
EIF2S1,,P05198
EIF4A1,,P60842
EIF4E,,P06730
EIF4EBP1,,Q13541
EIF4G1,,Q04637
EIF5A,,P63241
ELANE,,P08246
ELF1,,P32519
ELF2,,Q15723
ELF3,,P78545
ELF4,,Q99607
ELF5,,Q9UKW6
ELK1,0.007106664348509314,P19419
ELK3,,P41970
ELK4,,P28324
ELN,,P15502
ELOB,,Q15370
ELOVL3,,Q9HB03
ELOVL4,,Q9GZR5
ELP1,,O95163
ELP2,,Q6IA86
EMX1,,Q04741
EMX2,,Q04743
EN1,,Q05925
EN2,,P19622
ENG,,P17813
ENO1,,P06733
ENO2,,P09104
ENOX2,,Q16206
ENPEP,,Q07075
ENPP1,,P22413
ENPP2,,Q13822
ENPP7,,Q6UWV6
ENTPD1,,P49961
ENTPD2,,Q9Y5L3
ENTPD3,,O75355
ENY2,,Q9NPA8
EOMES,,O95936
EP300,0.004330412876398339,Q09472
EP400,,Q96L91
EPAS1,,Q99814
EPC1,,Q9H2F5
EPC2,,Q52LR7
EPHA1,,P21709
EPHA10,,Q5JZY3
EPHA2,,P29317
EPHA3,,P29320
EPHA4,,P54764
EPHA5,,P54756
EPHA6,,Q9UF33
EPHA7,,Q15375
EPHA8,,P29322
EPHB1,,P54762
EPHB2,,P29323
EPHB3,,P54753
EPHB4,,P54760
EPHB6,,O15197
EPHX1,,P07099
EPHX2,,P34913
EPO,,P01588
EPOR,,P19235
EPRS,,None
EPX,,P11678
ERBB2,0.01719305602092732,P04626
ERBB3,,P21860
ERBB4,-0.04503982244241361,Q15303
ERCC1,,P07992
ERCC2,,P18074
ERCC3,,P19447
ERF,,P50548
ERG,,P11308
ERG1,,None
ERG11,,None
ERG7,,None
ERN1,,O75460
ERO1A,,Q96HE7
ESD,,P10768
ESR1,0.024935243052400892,P03372
ESR2,0.05111210109797374,Q92731
ESRRA,0.02509192637633633,P11474
ESRRB,-0.004011570006488982,O95718
ESRRG,-0.030989109625658547,P62508
ESX1,,Q8N693
ETHE1,,O95571
ETS1,,P14921
ETS2,,P15036
ETV1,,P50549
ETV2,,O00321
ETV3,,P41162
ETV3L,,Q6ZN32
ETV4,,P43268
ETV5,,P41161
ETV6,,P41212
ETV7,,Q9Y603
EVX1,,P49640
EVX2,,Q03828
EWSR1,0.005732254716769764,Q01844
EXP-1,,None
EYA1,,Q99502
EYA2,,O00167
EYA3,,Q99504
EZH1,,Q92800
EZH2,,Q15910
EZR,,P15311
FAAH,,O00519
FAAH2,,Q6GMR7
FABP2,,P12104
FABP4,,P15090
FABP6,,P51161
FADS1,,O60427
FADS2,,O95864
FANCD2,,Q9BXW9
FAP,,Q12884
FAS,,P25445
FASLG,,P48023
FASN,,P49327
FBP1,,P09467
FCER1A,,P12319
FCER1G,,P30273
FCGR1A,,P12314
FCGR1B,,Q92637
FCGR2A,,P12318
FCGR2B,,P31994
FCGR2C,,P31995
FCGR3A,,P08637
FCGR3B,,O75015
FDFT1,,P37268
FDPS,,P14324
FECH,,P22830
FER,,P16591
FERD3L,,Q96RJ6
FES,,P07332
FEV,,Q99581
FEZF1,,A0PJY2
FEZF2,,Q8TBJ5
FFAR1,,O14842
FFAR2,,O15552
FFAR3,,O14843
FFAR4,,Q5NUL3
FGA,,P02671
FGB,,P02675
FGF1,,P05230
FGF2,,P09038
FGF20,,Q9NP95
FGF21,,Q9NSA1
FGF23,,Q9GZV9
FGF4,,P08620
FGFR1,,P11362
FGFR1OP,,None
FGFR2,,P21802
FGFR3,,P22607
FGFR4,,P22455
FGFRL1,,Q8N441
FGG,,P02679
FGR,,P09769
FHIT,,P49789
FHL1,,Q13642
FHL2,,Q14192
FHL5,,Q5TD97
FIGLA,,Q6QHK4
FIZ1,,Q96SL8
FKBP1A,,P62942
FKBP1B,,P68106
FKBP2,,P26885
FKBP3,,Q00688
FKBP4,,Q02790
FLI1,-0.004850076094810952,Q01543
FLNA,,P21333
FLT1,,P17948
FLT3,,P36888
FLT4,,P35916
FN1,,P02751
FNTA,,P49354
FNTB,,P49356
FOL1,,None
FOLH1,,Q04609
FOLR1,,P15328
FOS,0.025240094391608816,P01100
FOSB,,P53539
FOSL1,,P15407
FOSL2,,P15408
FOXA1,,P55317
FOXA2,,Q9Y261
FOXA3,,P55318
FOXB1,,Q99853
FOXB2,,Q5VYV0
FOXC1,,Q12948
FOXC2,,Q99958
FOXD1,,Q16676
FOXD2,,O60548
FOXD3,,Q9UJU5
FOXD4,,Q12950
FOXD4L1,,Q9NU39
FOXD4L3,,Q6VB84
FOXD4L4,,Q8WXT5
FOXD4L5,,Q5VV16
FOXE1,,O00358
FOXE3,,Q13461
FOXF1,,Q12946
FOXF2,,Q12947
FOXG1,,P55316
FOXH1,,O75593
FOXI1,,Q12951
FOXI2,,Q6ZQN5
FOXI3,,A8MTJ6
FOXJ1,,Q92949
FOXJ2,,Q9P0K8
FOXJ3,,Q9UPW0
FOXK1,,P85037
FOXK2,,Q01167
FOXL1,,Q12952
FOXL2,,P58012
FOXL3,,FOXL3
FOXM1,0.025035764301219596,Q08050
FOXN1,,O15353
FOXN2,,P32314
FOXN3,,O00409
FOXN4,,Q96NZ1
FOXO1,0.004424031707932025,Q12778
FOXO3,0.0,O43524
FOXO3B,,A0A2Z4LIS9
FOXO4,,P98177
FOXO6,,A8MYZ6
FOXP1,,Q9H334
FOXP2,,O15409
FOXP3,,Q9BZS1
FOXP4,,Q8IVH2
FOXQ1,,Q9C009
FOXR1,,Q6PIV2
FOXR2,,Q6PJQ5
FOXS1,,O43638
FPGS,,Q05932
FPR1,,P21462
FPR2,,P25090
FRAT1,,Q92837
FRAT2,,O75474
FRK,,P42685
FSHB,,P01225
FSHR,,P23945
FTCD,,O95954
FTL,,P02792
FUBP1,,Q96AE4
FURIN,,P09958
FUT8,,Q9BYC5
FXYD2,,P54710
FYN,,P06241
FZD5,,Q13467
GAA,,P10253
GABBR1,,Q9UBS5
GABBR2,,O75899
GABPA,,Q06546
GABPB1,,Q06547
GABRA1,,P14867
GABRA2,,P47869
GABRA3,,P34903
GABRA4,,P48169
GABRA5,,P31644
GABRA6,,Q16445
GABRB1,,P18505
GABRB2,,P47870
GABRB3,,P28472
GABRD,,O14764
GABRE,,P78334
GABRG1,,Q8N1C3
GABRG2,,P18507
GABRG3,,Q99928
GABRP,,O00591
GABRQ,,Q9UN88
GABRR1,,P24046
GABRR2,,P28476
GABRR3,,A8MPY1
GAD1,,Q99259
GAD2,,Q05329
GAD65,,None
GADD45A,,P24522
GAK,,O14976
GAL,,P22466
GALE,,Q14376
GALNS,,P34059
GALR1,,P47211
GALR2,,O43603
GALR3,,O60755
GAMT,,Q14353
GANAB,,Q14697
GANC,,Q8TET4
GAPDH,,P04406
GARS,,None
GART,,P22102
GAST,,P01350
GATA1,0.0,P15976
GATA2,,P23769
GATA3,,P23771
GATA4,,P43694
GATA5,,Q9BWX5
GATA6,,Q92908
GATAD1,,Q8WUU5
GATAD2A,,Q86YP4
GATAD2B,,Q8WXI9
GATB,,O75879
GATM,,P50440
GBA,,P04062
GBA2,,Q9HCG7
GBF1,,Q92538
GBX1,,Q14549
GBX2,,P52951
GCAT,,O75600
GCFC2,,P16383
GCG,,P01275
GCGR,,P47871
GCH1,,P30793
GCHFR,,P30047
GCK,,P35557
GCKR,,Q14397
GCLC,,P48506
GCLM,,P48507
GCM1,,Q9NP62
GCM2,,O75603
GCSH,,P23434
GDA,,Q9Y2T3
GDF15,,Q99988
GDNF,,P39905
GEM,,P55040
GFAP,,P14136
GFI1,,Q99684
GFI1B,,Q5VTD9
GFM1,,Q96RP9
GFM2,,Q969S9
GFPT1,,Q06210
GFRA2,,O00451
GGCX,,P38435
GGPS1,,O95749
GGT1,,P19440
GGT5,,P36269
GH1,,P01241
GHR,,P10912
GHRHR,,Q02643
GHRL,,Q9UBU3
GHSR,,Q92847
GIP,,P09681
GIT2,,Q14161
GJA1,,P17302
GJA10,,Q969M2
GJA3,,Q9Y6H8
GJA4,,P35212
GJA5,,P36382
GJA8,,P48165
GJA9,,P57773
GJB1,,P08034
GJB2,,P29033
GJB3,,O75712
GJB4,,Q9NTQ9
GJB5,,O95377
GJB6,,O95452
GJB7,,Q6PEY0
GJC1,,P36383
GJC2,,Q5T442
GJC3,,Q8NFK1
GJD2,,Q9UKL4
GJD3,,Q8N144
GJD4,,Q96KN9
GJE1,,A6NN92
GLA,,P06280
GLB1,,P16278
GLDC,,P23378
GLI1,0.0047255601517647485,P08151
GLI2,-0.03236811050683182,P10070
GLI3,,P10071
GLI4,,P10075
GLIPR1,,P48060
GLIS1,,Q8NBF1
GLIS2,,Q9BZE0
GLIS3,,Q8NEA6
GLMP,,Q8WWB7
GLO1,,Q04760
GLP1R,,P43220
GLP2R,,O95838
GLRA1,,P23415
GLRA2,,P23416
GLRA3,,O75311
GLRB,,P48167
GLRX,,P35754
GLS,,O94925
GLS2,,Q9UI32
GLTP,,Q9NZD2
GLUD1,,P00367
GLUD2,,P49448
GLUL,,P15104
GLYAT,,Q6IB77
GLYATL1,,Q969I3
GLYATL2,,Q8WU03
GMEB1,,Q9Y692
GMEB2,,Q9UKD1
GMNN,,O75496
GMPS,,P49915
GNAI1,,P63096
GNAI2,,P04899
GNAI3,,P08754
GNAS,,Q5JWF2
GNAT3,,A8MTJ3
GNGT1,,P63211
GNL3L,,Q9NVN8
GNMT,,Q14749
GNPTAB,,Q3T906
GNRH1,,P01148
GNRHR,,P30968
GNRHR2,,Q96P88
GON4L,,Q3T8J9
GOT1,,P17174
GOT2,,P00505
GP9,,P14770
GPBAR1,,Q8TDU6
GPD2,,P43304
GPER1,,Q99527
GPI,,P06744
GPR119,,Q8TDV5
GPR12,,P47775
GPR139,,Q6DWJ6
GPR17,,Q13304
GPR18,,Q14330
GPR35,,Q9HC97
GPR39,,O43194
GPR50,,Q13585
GPR55,,Q9Y2T6
GPR65,,Q8IYL9
GPR84,,Q9NQS5
GPR97,,None
GPRC5A,,Q8NFJ5
GPRC6A,,Q5T6X5
GPS2,,Q13227
GPT,,P24298
GPT2,,Q8TD30
GPX1,,P07203
GPX2,,P18283
GPX3,,P22352
GPX4,,P36969
GRB2,,P62993
GREB1,,Q4ZG55
GRHL1,,Q9NZI5
GRHL2,,Q6ISB3
GRHL3,,Q8TE85
GRIA1,,P42261
GRIA2,,P42262
GRIA3,,P42263
GRIA4,,P48058
GRID1,,Q9ULK0
GRID2,,O43424
GRIK1,,P39086
GRIK2,,Q13002
GRIK3,,Q13003
GRIK4,,Q16099
GRIK5,,Q16478
GRIN1,,Q05586
GRIN2A,,Q12879
GRIN2B,,Q13224
GRIN2C,,Q14957
GRIN2D,,O15399
GRIN3A,,Q8TCU5
GRIN3B,,O60391
GRIP1,,Q9Y3R0
GRK2,,P25098
GRK3,,P35626
GRK4,,P32298
GRK5,,P34947
GRK6,,P43250
GRK7,,Q8WTQ7
GRM1,,Q13255
GRM2,,Q14416
GRM3,,Q14832
GRM4,,Q14833
GRM5,,P41594
GRM6,,O15303
GRM7,,Q14831
GRM8,,O00222
GRPR,,P30550
GSC,,P56915
GSC2,,O15499
GSG2,,None
GSK3A,,P49840
GSK3B,,P49841
GSN,,P06396
GSR,,P00390
GSS,,P48637
GSTA1,,P08263
GSTA4,,O15217
GSTM1,,P09488
GSTM2,,P28161
GSTM3,,P21266
GSTM4,,Q03013
GSTO1,,P78417
GSTP1,,P09211
GSTZ1,,O43708
GSX1,,Q9H4S2
GSX2,,Q9BZM3
GTF2A1,,P52655
GTF2A1L,,Q9UNN4
GTF2A2,,P52657
GTF2E1,,P29083
GTF2F1,,P35269
GTF2I,,P78347
GTF2IRD1,,Q9UHL9
GTF2IRD2,,Q86UP8
GTF2IRD2B,,Q6EKJ0
GTF3A,,Q92664
GUCA1A,,P43080
GUCA1B,,Q9UMX6
GUCY1A1,,Q02108
GUCY1A2,,P33402
GUCY1A3,,None
GUCY1B1,,Q02153
GUCY1B2,,O75343
GUCY1B3,,None
GUCY2C,,P25092
GUCY2D,,Q02846
GUCY2F,,P51841
GUSB,,P08236
GYG1,,P46976
GYS1,,P13807
GZF1,,Q9H116
GZMA,,P12544
GZMB,,P10144
GZMH,,P20718
GZMM,,P51124
HAAO,,P46952
HABP4,,Q5JVS0
HAGH,,Q16775
HAL,,P42357
HAND1,,O96004
HAND2,,P61296
HASPIN,,Q8TF76
HBA1,,141800
HBA2,,P69905
HBB,,P68871
HBE1,,P02100
HBG1,,P69891
HBG2,,P69892
HBM,,Q6B0K9
HBP1,,O60381
HBQ1,,P09105
HBZ,,P02008
HCAR2,,Q8TDS4
HCAR3,,P49019
HCFC1,,P51610
HCFC2,,Q9Y5Z7
HCK,,P08631
HCN1,,O60741
HCN2,,Q9UL51
HCN3,,Q9P1Z3
HCN4,,Q9Y3Q4
HCRT,,O43612
HCRTR1,,O43613
HCRTR2,,O43614
HDAC1,-0.11720359093940445,Q13547
HDAC10,-0.0007110288923331471,Q969S8
HDAC11,-0.032922106285141584,Q96DB2
HDAC2,0.016467362887790087,Q92769
HDAC3,-0.1538970408738073,O15379
HDAC4,-0.028013569678381027,P56524
HDAC5,-0.08530711954497178,Q9UQL6
HDAC6,0.05014476992081488,Q9UBN7
HDAC7,-0.029739180737679557,Q8WUI4
HDAC8,-0.002283912724987992,Q9BY41
HDAC9,-0.009607943955374272,Q9UKV0
HDC,,P19113
HDGF,,P51858
HDX,,Q7Z353
HELT,,A6NFD8
HELZ2,,Q9BYK8
HEPH,,Q9BQS7
HEPHL1,,Q6MZM0
HES1,-0.03802639435193004,Q14469
HES2,,Q9Y543
HES3,,Q5TGS1
HES4,,Q9HCC6
HES5,,Q5TA89
HES6,,Q96HZ4
HES7,,Q9BYE0
HESX1,,Q9UBX0
HEXA,,P06865
HEY1,,Q9Y5J3
HEY2,,Q9UBP5
HEYL,,Q9NQ87
HFE,,Q30201
HGF,,P14210
HGS,,O14964
HHAT,,Q5VTY9
HHEX,,Q03014
HIBCH,,Q6NVY1
HIC1,,Q14526
HIC2,,Q96JB3
HIF1A,-0.019530592955008655,Q16665
HIF1AN,,Q9NWT6
HIF3A,,Q9Y2N7
HINFP,,Q9BQA5
HINT1,,P49773
HIPK1,,Q86Z02
HIPK2,0.029194889474614998,Q9H2X6
HIPK3,-0.0010945063075917623,Q9H422
HIPK4,,Q8NE63
HIRA,,P54198
HIST4H4,,None
HIV-1 protease,,None
HIVEP1,,P15822
HIVEP2,,P31629
HIVEP3,,Q5T1R4
HK1,,P19367
HK2,,P52789
HKR1,,None
HLA-A,,P04439
HLA-B,,P01889
HLA-C,,P10321
HLA-DRB1,,P01911
HLA-G,,P17693
HLF,,Q16534
HLTF,,Q14527
HLX,,Q14774
HMBOX1,,Q6NT76
HMBS,,P08397
HMG20A,,Q9NP66
HMG20B,,Q9P0W2
HMGA1,,P17096
HMGA2,,P52926
HMGB1,,P09429
HMGB2,,P26583
HMGB3,,O15347
HMGB4,,Q8WW32
HMGCR,,P04035
HMGCS1,,Q01581
HMGCS2,,P54868
HMGN3,,Q15651
HMGXB3,,Q12766
HMGXB4,,Q9UGU5
HMOX1,,P09601
HMOX2,,P30519
HMX1,,Q9NP08
HMX2,,A2RU54
HMX3,,A6NHT5
HNF1A,,P20823
HNF1B,,P35680
HNF4A,-0.0021599778447009225,P41235
HNF4G,,Q14541
HNMT,,P50135
HNRNPD,,Q14103
HOMEZ,,Q8IX15
HOPX,,Q9BPY8
HOXA1,,P49639
HOXA10,,P31260
HOXA11,,P31270
HOXA13,,P31271
HOXA2,,O43364
HOXA3,,O43365
HOXA4,,Q00056
HOXA5,,P20719
HOXA6,,P31267
HOXA7,,P31268
HOXA9,,P31269
HOXB1,,P14653
HOXB13,,Q92826
HOXB2,,P14652
HOXB3,,P14651
HOXB4,,P17483
HOXB5,,P09067
HOXB6,,P17509
HOXB7,,P09629
HOXB8,,P17481
HOXB9,,P17482
HOXC10,,Q9NYD6
HOXC11,,O43248
HOXC12,,P31275
HOXC13,,P31276
HOXC4,,P09017
HOXC5,,Q00444
HOXC6,,P09630
HOXC8,,P31273
HOXC9,,P31274
HOXD1,,Q9GZZ0
HOXD10,,P28358
HOXD11,,P31277
HOXD12,,P35452
HOXD13,,P35453
HOXD3,,P31249
HOXD4,,P09016
HOXD8,,P13378
HOXD9,,P28356
HPD,,P32754
HPGD,,P15428
HPGDS,,O60760
HPN,,P05981
HPR,,P00739
HPRT1,,P00492
HPSE,,Q9Y251
HRAS,,P01112
HRG,,P04196
HRH1,,P35367
HRH2,,P25021
HRH3,,Q9Y5N1
HRH4,,Q9H3N8
HS3ST3A1,,Q9Y663
HS6ST1,,O60243
HSBP1,,O75506
HSD11B1,,P28845
HSD11B2,,P80365
HSD17B1,,P14061
HSD17B3,,P37058
HSD17B7,,P56937
HSD3B1,,P14060
HSD3B2,,P26439
HSF1,-0.0035318591485370677,Q00613
HSF2,,Q03933
HSF4,,Q9ULV5
HSF5,,Q4G112
HSFX1,,HSFX1
HSFX2,,Q9UBD0
HSFY1,,400029
HSFY2,,Q96LI6
HSP90AA1,,P07900
HSP90AA2,,None
HSP90AB1,,P08238
HSP90B1,,P14625
HSPA1A,,P0DMV8
HSPA1B,,P0DMV9
HSPA1L,,P34931
HSPA2,,P54652
HSPA5,,P11021
HSPA8,,P11142
HSPB1,,P04792
HSPB2-C11orf52,,HSPB2-C11orf52
HSPD1,,P10809
HTATIP2,,Q9BUP3
HTR1A,,P08908
HTR1B,,P28222
HTR1D,,P28221
HTR1E,,P28566
HTR1F,,P30939
HTR2A,,P28223
HTR2B,,P41595
HTR2C,,P28335
HTR3A,,P46098
HTR3B,,O95264
HTR3C,,Q8WXA8
HTR3D,,Q70Z44
HTR3E,,A5X5Y0
HTR4,,Q13639
HTR5A,,P47898
HTR6,,P50406
HTR7,,P34969
HTT,,P42858
HUNK,,P57058
IAPP,,P10997
IARS1,,P41252
ICAM1,,P05362
ID1,,P41134
ID2,,Q02363
ID3,,Q02535
ID4,,P47928
IDE,,P14735
IDH1,,O75874
IDH2,,P48735
IDI1,,Q13907
IDO1,,P14902
IDUA,,P35475
IFFO2,,Q5TF58
IFI16,,Q16666
IFNA1,,147660
IFNAR1,,P17181
IFNAR2,,P48551
IFNB1,,P01574
IFNG,,P01579
IGF1,,P05019
IGF1R,,P08069
IGF2,,P01344
IGFBP1,,P08833
IGFBP2,,P18065
IGFBP3,,P17936
IGFBP4,,P22692
IHH,,Q14623
IKBKAP,,None
IKBKB,,O14920
IKBKE,,Q14164
IKBKG,,Q9Y6K9
IKZF1,0.003080972445050455,Q13422
IKZF2,,Q9UKS7
IKZF3,,Q9UKT9
IKZF4,,Q9H2S9
IKZF5,,Q9H5V7
IL10,,P22301
IL11RA,,Q14626
IL12A,,P29459
IL12B,,P29460
IL13,,P35225
IL16,,Q14005
IL17A,,Q16552
IL18,,Q14116
IL1A,,P01583
IL1B,,P01584
IL1R1,,P14778
IL1R2,,P27930
IL1RN,,P18510
IL2,,P60568
IL23A,,Q9NPF7
IL24,,Q13007
IL2RA,,P01589
IL2RB,,P14784
IL2RG,,P31785
IL3,,P08700
IL31RA,,Q8NI17
IL3RA,,P26951
IL4,,P05112
IL4I1,,Q96RQ9
IL4R,,P24394
IL5,,P05113
IL5RA,,Q01344
IL6,,P05231
IL6R,,P08887
IL6ST,,P40189
ILF2,,Q12905
ILK,,Q13418
IMPA1,,P29218
IMPA2,,O14732
IMPDH1,,P20839
IMPDH2,,P12268
INCENP,,Q9NQS7
ING1,,Q9UK53
ING2,,Q9H160
ING3,,Q9NXR8
ING4,,Q9UNL4
ING5,,Q8WYH8
INPP5A,,Q14642
INPP5D,,Q92835
INS,,P01308
INSM1,,Q01101
INSM2,,Q96T92
INSR,-0.03567470096881874,P06213
INSRR,,P14616
IRAK1,,P51617
IRAK4,,Q9NWZ3
IREB2,,P48200
IRF1,0.017690820025750276,P10914
IRF2,,P14316
IRF3,,Q14653
IRF4,,Q15306
IRF5,,Q13568
IRF6,,O14896
IRF7,,Q92985
IRF8,,Q02556
IRF9,,Q00978
IRS1,,P35568
IRS2,,Q9Y4H2
IRX1,,P78414
IRX2,,Q9BZI1
IRX3,,P78415
IRX4,,P78413
IRX5,,P78411
IRX6,,P78412
ISL1,,P61371
ISL2,,Q96A47
ISX,,Q2M1V0
ITGA1,,P56199
ITGA2,,P17301
ITGA2B,,P08514
ITGA4,,P13612
ITGA5,,P08648
ITGAL,,P20701
ITGAV,,P06756
ITGB1,,P05556
ITGB2,,P05107
ITGB3,,P05106
ITGB3BP,,Q13352
ITGB6,,P18564
ITGB7,,P26010
ITK,,Q08881
ITPA,,Q9BY32
ITPKA,,P23677
ITPKB,,P27987
ITPKC,,Q96DU7
ITPR1,,Q14643
ITPR2,,Q14571
ITPR3,,Q14573
IYD,,Q6PHW0
JAK1,,P23458
JAK2,-0.04574335908908968,O60674
JAK3,,P52333
JARID2,,Q92833
JAZF1,,Q86VZ6
JDP2,-0.00041585793791706915,Q8WYK2
JMY,,Q8N9B5
JUN,-0.015260580507408816,P05412
JUNB,,P17275
JUND,,P17535
JUP,,P14923
KARS,,None
KAT2A,,Q92830
KAT2B,0.0025733612391780868,Q92831
KAT5,-0.0388716580727361,Q92993
KAT6A,,Q92794
KAT6B,,Q8WYB5
KAT7,,O95251
KAT8,,Q9H7Z6
KCNA1,,Q09470
KCNA10,,Q16322
KCNA2,,P16389
KCNA3,,P22001
KCNA4,,P22459
KCNA5,,P22460
KCNA6,,P17658
KCNA7,,Q96RP8
KCNAB2,,Q13303
KCNB1,,Q14721
KCNB2,,Q92953
KCNC1,,P48547
KCNC2,,Q96PR1
KCNC3,,Q14003
KCNC4,,Q03721
KCND1,,Q9NSA2
KCND2,,Q9NZV8
KCND3,,Q9UK17
KCNE1,,P15382
KCNE2,,Q9Y6J6
KCNE3,,Q9Y6H6
KCNE4,,Q8WWG9
KCNF1,,Q9H3M0
KCNG1,,Q9UIX4
KCNG2,,Q9UJ96
KCNG3,,Q8TAE7
KCNG4,,Q8TDN1
KCNH1,,O95259
KCNH2,,Q12809
KCNH3,,Q9ULD8
KCNH4,,Q9UQ05
KCNH5,,Q8NCM2
KCNH6,,Q9H252
KCNH7,,Q9NS40
KCNH8,,Q96L42
KCNIP3,,Q9Y2W7
KCNJ1,,P48048
KCNJ10,,P78508
KCNJ11,,Q14654
KCNJ12,,Q14500
KCNJ13,,O60928
KCNJ14,,Q9UNX9
KCNJ15,,Q99712
KCNJ16,,Q9NPI9
KCNJ2,,P63252
KCNJ3,,P48549
KCNJ4,,P48050
KCNJ5,,P48544
KCNJ6,,P48051
KCNJ8,,Q15842
KCNJ9,,Q92806
KCNK1,,O00180
KCNK10,,P57789
KCNK12,,Q9HB15
KCNK13,,Q9HB14
KCNK15,,Q9H427
KCNK18,,Q7Z418
KCNK2,,O95069
KCNK3,,O14649
KCNK4,,Q9NYG8
KCNK6,,Q9Y257
KCNK9,,Q9NPC2
KCNMA1,,Q12791
KCNMB1,,Q16558
KCNMB2,,Q9Y691
KCNMB3,,Q9NPA1
KCNMB4,,Q86W47
KCNN1,,Q92952
KCNN2,,Q9H2S1
KCNN3,,Q9UGI6
KCNN4,,O15554
KCNQ1,,P51787
KCNQ2,,O43526
KCNQ3,,O43525
KCNQ4,,P56696
KCNQ5,,Q9NR82
KCNS1,,Q96KK3
KCNS2,,Q9ULS6
KCNS3,,Q9BQ31
KCNT1,,Q5JUK3
KCNT2,,Q6UVM3
KCNU1,,A8MYU2
KCNV1,,Q6PIU1
KCNV2,,Q8TDN2
KCTD1,,Q719H9
KCTD12,,Q96CX2
KCTD16,,Q68DU8
KCTD8,,Q6ZWB6
KDM1A,-0.00017568070143153116,O60341
KDM1B,,Q8NB78
KDM2A,-0.03423433481513232,Q9Y2K7
KDM2B,,Q8NHM5
KDM3A,,Q9Y4C1
KDM4A,,O75164
KDM4B,,O94953
KDM4C,,Q9H3R0
KDM4E,,B2RXH2
KDM5A,,P29375
KDM5B,,Q9UGL1
KDM5C,0.005453530721909778,P41229
KDM5D,,Q9BY66
KDM6A,,O15550
KDM6B,,O15054
KDM7A,,Q6ZMT4
KDR,,P35968
KEAP1,,Q14145
KEL,,P23276
KHK,,P50053
KIF11,,P52732
KIF17,,Q9P2E2
KIF18A,,Q8NI77
KISS1R,,Q969F8
KIT,,P10721
KLF1,,Q13351
KLF10,,Q13118
KLF11,,O14901
KLF12,,Q9Y4X4
KLF13,,Q9Y2Y9
KLF14,,Q8TD94
KLF15,,Q9UIH9
KLF16,,Q9BXK1
KLF17,,Q5JT82
KLF18,,A0A0U1RQI7
KLF2,,Q9Y5W3
KLF3,,P57682
KLF4,,O43474
KLF5,,Q13887
KLF6,,Q99612
KLF7,,O75840
KLF8,,O95600
KLF9,,Q13886
KLK1,,P06870
KLK3,,P07288
KLK5,,Q9Y337
KLK6,,Q92876
KLK7,,P49862
KLK8,,O60259
KLKB1,,P03952
KMO,,O15229
KMT2A,,Q03164
KMT2B,,Q9UMN6
KMT2C,,Q8NEZ4
KMT2D,,O14686
KMT2E,,Q8IZD2
KMT5A,,Q9NQR1
KNG1,,P01042
KPNB1,,Q14974
KRAS,,P01116
KRR1,,Q13601
KRT12,,Q99456
KRT18,,P05783
KRT5,,P13647
KRT7,,P08729
KRT8,,P05787
KYAT1,,Q16773
KYAT3,,Q6YP21
KYNU,,Q16719
LAMA2,,P24043
LAMA3,,Q16787
LAMA5,,O15230
LAMB1,,P07942
LAMB2,,P55268
LAMB3,,Q13751
LAMC1,,P11047
LAMC2,,Q13753
LAMC3,,Q9Y6N6
LAMTOR5,,O43504
LAP3,,P28838
LBR,,Q14739
LBX1,,P52954
LBX2,,Q6XYB7
LCAT,,P04180
LCK,,P06239
LCN2,,P80188
LCOR,,Q96JN0
LCORL,,Q8N3X6
LCP2,,Q13094
LCT,,P09848
LDB1,,Q86U70
LDHA,,P00338
LDHB,,P07195
LDLR,,P01130
LDLRAP1,,Q5SW96
LEF1,,Q9UJU2
LEP,,P41159
LEPR,,P48357
LGALS3,,P17931
LGSN,,Q5TDP6
LHB,,P01229
LHCGR,,P22888
LHX1,,P48742
LHX2,,P50458
LHX3,,Q9UBR4
LHX4,,Q969G2
LHX5,,Q9H2C1
LHX6,,Q9UPM6
LHX8,,Q68G74
LHX9,,Q9NQ69
LIF,,P15018
LIG1,,P18858
LIG3,,P49916
LIMD1,,Q9UGP4
LIMK1,,P53667
LIMK2,,P53671
LIMS1,,P48059
LIN28A,,Q9H9Z2
LIN28B,,Q6ZN17
LIN54,,Q6MZP7
LINC02218,,LINC02218
LIPA,,P38571
LIPC,,P11150
LIPE,,Q05469
LIPF,,P07098
LIPG,,Q9Y5X9
LIPJ,,Q5W064
LIPK,,Q5VXJ0
LIPM,,Q5VYY2
LIPN,,Q5VXI9
LITAF,,Q99732
LMCD1,,Q9NZU5
LMO1,,P25800
LMX1A,,Q8TE12
LMX1B,,O60663
LNPEP,,Q9UIQ6
LOX,,P28300
LOXL2,0.02443338580106295,Q9Y4K0
LPA,,P08519
LPAR1,,Q92633
LPAR2,,Q9HBW0
LPAR3,,Q9UBY5
LPAR5,,Q9H1C0
LPIN2,,Q92539
LPL,,P06858
LRP1,,Q07954
LRRK1,,Q38SD2
LRRK2,,Q5S007
LRTOMT,,Q96E66
LSM6,,P62312
LSS,,P48449
LTA4H,,P09960
LTB4R,,Q15722
LTB4R2,,Q9NPC1
LTF,,P02788
LTK,,P29376
LY96,,Q9Y6Y9
LYL1,,P12980
LYN,,P07948
LYPLA1,,O75608
LYZ,,P61626
LZTR1,,Q8N653
LZTS1,,Q9Y250
MAEL,,Q96JY0
MAF,,O75444
MAFA,,Q8NHW3
MAFB,,Q9Y5Q3
MAFF,,Q9ULX9
MAFG,,O15525
MAFK,,O60675
MAGEA1,,P43355
MAGED1,,Q9Y5V3
MAK,,P20794
MALT1,,Q9UDY8
MAML1,,Q92585
MAML2,,Q8IZL2
MAML3,,Q96JK9
MAN1B1,,Q9UKM7
MAN2A1,,Q16706
MAOA,,P21397
MAOB,,P27338
MAP1A,,P78559
MAP2,,P11137
MAP2K1,,Q02750
MAP2K2,,P36507
MAP2K3,,P46734
MAP2K4,,P45985
MAP2K5,,Q13163
MAP2K6,,P52564
MAP2K7,,O14733
MAP3K1,,Q13233
MAP3K10,-0.03380052535419706,Q02779
MAP3K11,,Q16584
MAP3K2,,Q9Y2U5
MAP3K20,,Q9NYL2
MAP3K3,,Q99759
MAP3K5,,Q99683
MAP3K6,,O95382
MAP3K7,,O43318
MAP3K8,,P41279
MAP3K9,,P80192
MAP4,,P27816
MAP4K2,,Q12851
MAP4K4,,O95819
MAP4K5,,Q9Y4K4
MAPK1,,P28482
MAPK10,,P53779
MAPK11,,Q15759
MAPK12,,P53778
MAPK13,,O15264
MAPK14,,Q16539
MAPK15,,Q8TD08
MAPK3,,P27361
MAPK7,,Q13164
MAPK8,,P45983
MAPK8IP1,-0.053051726240925016,Q9UQF2
MAPK9,,P45984
MAPKAPK2,,P49137
MAPT,,P10636
MARK1,,Q9P0L2
MARK2,,Q7KZI7
MARK3,,P27448
MARK4,,Q96L34
MARS1,,P56192
MASP1,,P48740
MASP2,,O00187
MATK,,P42679
MAX,,P61244
MAZ,,P56270
MBD1,,Q9UIS9
MBD2,-0.0024807673148886707,Q9UBB5
MBD3,,O95983
MBD4,,O95243
MBL2,,P11226
MBTPS1,,Q14703
MC1R,,Q01726
MC2R,,Q01718
MC3R,,P41968
MC4R,,P32245
MC5R,,P33032
MCEE,,Q96PE7
MCHR1,,Q99705
MCHR2,,Q969V1
MCL1,,Q07820
MCOLN1,,Q9GZU1
MCOLN3,,Q8TDD5
MDFI,,Q99750
MDH2,,P40926
MDM2,-0.0329812407089458,Q00987
MDM4,-0.027212298902090353,O15151
ME1,,P48163
ME2,,P23368
MECOM,,Q03112
MECP2,,P51608
MED1,,Q15648
MED10,,Q9BTT4
MED12,,Q93074
MED13,,Q9UHV7
MED14,,O60244
MED15,,Q96RN5
MED16,,Q9Y2X0
MED17,,Q9NVC6
MED20,,Q9H944
MED21,,Q13503
MED23,,Q9ULK4
MED24,,O75448
MED25,,Q71SY5
MED26,,O95402
MED27,,Q6P2C8
MED30,,Q96HR3
MED31,,Q9Y3C7
MED4,,Q9NPJ6
MED6,,O75586
MED7,,O43513
MEF2A,,Q02078
MEF2B,,Q02080
MEF2C,,Q06413
MEF2D,,Q14814
MEIS1,,O00470
MEIS2,,O14770
MEIS3,,Q99687
MELK,,Q14680
MEN1,,O00255
MEOX1,,P50221
MEOX2,,P50222
MERTK,,Q12866
MESP1,,Q9BRJ9
MESP2,,Q0VG99
MET,,P08581
METAP2,,P50579
MGA,,Q8IWI9
MGAM,,O43451
MGEA5,,None
MGLL,,Q99685
MGMT,,P16455
MGST1,,P10620
MIER1,,Q8N108
MIER3,,Q7Z3K6
MIF,,P14174
MINK1,,Q8N4C8
MITF,,O75030
MIXL1,,Q9H2W2
MKL1,0.04585626874972547,None
MKL2,,None
MKNK1,,Q9BUB5
MKNK2,,Q9HBH9
MKX,,Q8IYA7
MLCK,,None
MLH1,,P40692
MLLT1,,Q03111
MLLT10,,P55197
MLLT6,,P55198
MLNR,,O43193
MLX,,Q9UH92
MLXIP,,Q9HAP2
MLXIPL,,Q9NP71
MME,,P08473
MMEL1,,Q495T6
MMP1,,P03956
MMP10,,P09238
MMP11,,P24347
MMP12,,P39900
MMP13,,P45452
MMP14,,P50281
MMP15,,P51511
MMP16,,P51512
MMP17,,Q9ULZ9
MMP19,,Q99542
MMP2,,P08253
MMP20,,O60882
MMP21,,Q8N119
MMP23A,,603320
MMP23B,,O75900
MMP24,,Q9Y5R2
MMP25,,Q9NPA2
MMP26,,Q9NRE1
MMP27,,Q9H306
MMP28,,Q9H239
MMP3,,P08254
MMP7,,P09237
MMP8,,P22894
MMP9,,P14780
MMS19,,Q96T76
MNAT1,,P51948
MNDA,,P41218
MNT,,Q99583
MNX1,,P50219
MPDU1,,O75352
MPI,,P34949
MPL,,P40238
MPO,,P05164
MR1,,Q95460
MRAS,,O14807
MRE11,,P49959
MRE11A,,None
MRGPRX1,,Q96LB2
MRTFA,,Q969V6
MRTFB,,Q9ULH7
MS4A1,,P11836
MS4A13,,Q5J8X5
MS4A2,,Q01362
MSC,,O60682
MSGN1,,A6NI15
MSL3,,Q8N5Y2
MSMO1,,Q15800
MST1R,,Q04912
MSX1,,P28360
MSX2,,P35548
MT-CO1,,None
MT-CO2,,None
MT-CYB,,None
MT-ND1,,None
MT-ND2,,None
MT1E,,P04732
MT2A,,P02795
MT3,,P25713
MTA1,,Q13330
MTA2,,O94776
MTA3,,Q9BTC8
MTAP,,Q13126
MTDH,,Q86UE4
MTF1,,Q14872
MTF2,,Q9Y483
MTHFR,,P42898
MTNR1A,,P48039
MTNR1B,,P49286
MTOR,,P42345
MTR,,Q99707
MTRR,,Q9UBK8
MTTP,,P55157
MUC2,,Q02817
MUSK,,O15146
MVD,,P53602
MVK,,Q03426
MXD1,,Q05195
MXD3,,Q9BW11
MXD4,,Q14582
MXI1,,P50539
MYB,,P10242
MYBBP1A,,Q9BQG0
MYBL1,,P10243
MYBL2,,P10244
MYBPC3,,Q14896
MYC,0.0,P01106
MYCBP,,Q99417
MYCL,,P12524
MYCN,-7.674440949301476e-05,P04198
MYD88,,Q99836
MYEF2,,Q9P2K5
MYF5,,P13349
MYF6,,P23409
MYH14,,Q7Z406
MYH2,,Q9UKX2
MYH9,,P35579
MYL2,,P10916
MYL9,,P24844
MYLK,,Q15746
MYLK2,,Q9H1R3
MYLK3,,Q32MK0
MYNN,,Q9NPC7
MYO3B,,Q8WXR4
MYO7A,,Q13402
MYOCD,,Q8IZQ8
MYOD1,0.00010393186218740005,P15172
MYOG,,P15173
MYRF,,Q9Y2G1
MYRFL,,Q96LU7
MYSM1,,Q5VVJ2
MYT1,,Q01538
MYT1L,,Q9UL68
MZF1,,P28698
NAB1,,Q13506
NAB2,,Q15742
NACA,,Q13765
NACA2,,Q9H009
NADSYN1,,Q6IA69
NAE1,,Q13564
NAGLU,,P54802
NAGS,,Q8N159
NALCN,,Q8IZF0
NAMPT,,P43490
NANOG,,Q9H9S0
NANOGP8,,Q6NSW7
NANP,,Q8TBE9
NAPEPLD,,Q6IQ20
NAT1,,P18440
NAT10,,Q9H0A0
NAT2,,P11245
NAXE,,Q8NCW5
NCF1,,P14598
NCF2,,P19878
NCF4,,Q15080
NCOA1,-0.037419610176092355,Q15788
NCOA2,-0.015431431133873134,Q15596
NCOA3,-0.03441099097854751,Q9Y6Q9
NCOA4,,Q13772
NCOA6,,Q14686
NCOA7,,Q8NI08
NCOR1,-0.03988084195984461,O75376
NCOR2,,Q9Y618
NCS1,,P62166
NDC80,,O14777
NDOR1,,Q9UHB4
NDUFC2,,O95298
NEDD4,,P46934
NEDD8,,Q15843
NEDD9,,Q14511
NEIL1,,Q96FI4
NEK1,,Q96PY6
NEK11,,Q8NG66
NEK2,,P51955
NEK4,,P51957
NEK9,,Q8TD19
NELFB,,Q8WX92
NEU1,,Q99519
NEU2,,Q9Y3R4
NEUROD1,,Q13562
NEUROD2,,Q15784
NEUROD4,,Q9HD90
NEUROD6,,Q96NK8
NEUROG1,,Q92886
NEUROG2,,Q9H2A3
NEUROG3,,Q9Y4Z2
NFAT5,,O94916
NFATC1,0.01624274861247869,O95644
NFATC2,0.12505812602034555,Q13469
NFATC3,0.007354787703467549,Q12968
NFATC4,,Q14934
NFE2,-0.011664900623099168,Q16621
NFE2L1,,Q14494
NFE2L2,-0.002409234552827322,Q16236
NFE2L3,,Q9Y4A8
NFIA,,Q12857
NFIB,,O00712
NFIC,,P08651
NFIL3,,Q16649
NFIX,,Q14938
NFKB1,-0.017651888660082098,P19838
NFKB2,0.0010859447411725035,Q00653
NFKBIA,-0.025311262395109696,P25963
NFKBIB,,Q15653
NFKBIZ,,Q9BYH8
NFRKB,,Q6P4R8
NFX1,,Q12986
NFXL1,,Q6ZNB6
NFYA,,P23511
NFYB,,P25208
NFYC,,Q13952
NGB,,Q9NPG2
NGF,,P01138
NGFR,,P08138
NHLH1,,Q02575
NHLH2,,Q02577
NHP2L1,,None
NIM1K,,Q8IY84
NISCH,,Q9Y2I1
NKRF,,O15226
NKX1-2,,Q9UD57
NKX2-1,,P43699
NKX2-2,,O95096
NKX2-3,,Q8TAU0
NKX2-4,,Q9H2Z4
NKX2-5,,P52952
NKX2-6,,A6NCS4
NKX2-8,,O15522
NKX3-1,,Q99801
NKX3-2,,P78367
NKX6-1,,P78426
NKX6-2,,Q9C056
NKX6-3,,A6NJ46
NLK,0.0012276624461701295,Q9UBE8
NLRP3,,Q96P20
NLRP4,,Q96MN2
NMBR,,P28336
NME2,,P22392
NMU,,P48645
NMUR1,,Q9HB89
NMUR2,,Q9GZQ4
NOA1,,Q8NC60
NOBOX,,O60393
NOC2L,,Q9Y3T9
NOCT,,Q9UK39
NOD2,,Q9HC29
NONO,,Q15233
NOS1,,P29475
NOS2,,P35228
NOS3,,P29474
NOTCH1,,P46531
NOTCH2,,Q04721
NOTO,,A8MTQ0
NOX1,,Q9Y5S8
NOX3,,Q9HBY0
NOX4,,Q9NPH5
NOXO1,,Q8NFA2
NPAS1,,Q99742
NPAS2,,Q99743
NPAS4,,Q8IUM7
NPAT,,Q14207
NPBWR1,,P48145
NPBWR2,,P48146
NPC1L1,,Q9UHC9
NPEPPS,,P55786
NPFFR1,,Q9GZQ6
NPFFR2,,Q9Y5X5
NPM1,,P06748
NPM2,,Q86SE8
NPPA,,P01160
NPPB,,P16860
NPR1,,P16066
NPR2,,P20594
NPSR1,,Q6W5P4
NPY,,P01303
NPY1R,,P25929
NPY2R,,P49146
NPY4R,,P50391
NPY5R,,Q15761
NQO1,,P15559
NQO2,,P16083
NR0B1,0.028954088649078637,P51843
NR0B2,,Q15466
NR1D1,,P20393
NR1D2,,Q14995
NR1H2,0.007589084954514815,P55055
NR1H3,-0.02819739326051174,Q13133
NR1H4,0.008181445255053424,Q96RI1
NR1I2,0.014053166566882715,O75469
NR1I3,0.007224880584051473,Q14994
NR2C1,,P13056
NR2C2,-0.00830911663220188,P49116
NR2E1,,Q9Y466
NR2E3,,Q9Y5X4
NR2F1,,P10589
NR2F2,,P24468
NR2F6,,P10588
NR3C1,0.0030799560498721455,P04150
NR3C2,0.016498121184721937,P08235
NR4A1,0.03171422110022474,P22736
NR4A2,,P43354
NR4A3,,Q92570
NR5A1,-0.009563519508946128,Q13285
NR5A2,,O00482
NR6A1,0.06766670268211013,Q15406
NRAS,,P01111
NRBF2,,Q96F24
NRF1,,Q16656
NRIP1,,P48552
NRL,,P54845
NRP1,,O14786
NRXN1,,Q9ULB1
NS3,,None
NS3/4A,,None
NS5A,,None
NS5b,,None
NSD1,,Q96L73
NSD2,,O96028
NT5C1A,,Q9BXI3
NT5C2,,P49902
NT5E,,P21589
NTRK1,,P04629
NTRK2,,Q16620
NTRK3,,Q16288
NTSR1,,P30989
NTSR2,,O95665
NUAK1,,O60285
NUAK2,,Q9H093
NUDT1,,P36639
NUDT10,,Q8NFP7
NUDT11,,Q96G61
NUDT9,,Q9BW91
NUMA1,,Q14980
NUP107,,P57740
NUP133,,Q8WUM0
NUP153,,P49790
NUP155,,O75694
NUP160,,Q12769
NUP188,,Q5SRE5
NUP205,,Q92621
NUP210,,Q8TEM1
NUP214,,P35658
NUP35,,Q8NFH5
NUP37,,Q8NFH4
NUP42,,O15504
NUP43,,Q8NFH3
NUP50,,Q9UKX7
NUP54,,Q7Z3B4
NUP62,,P37198
NUP85,,Q9BW27
NUP88,,Q99567
NUP93,,Q8N1F7
NUPR1,,O60356
OAT,,P04181
OCLN,,Q16625
OCRL,,Q01968
ODC1,,P11926
OGDH,,Q02218
OGG1,,O15527
OLIG1,,Q8TAK6
OLIG2,,Q13516
OLIG3,,Q7RTU3
ONECUT1,,Q9UBC0
ONECUT2,,O95948
ONECUT3,,O60422
OPLAH,,O14841
OPN4,,Q9UHM6
OPRD1,,P41143
OPRK1,,P41145
OPRL1,,P41146
OPRM1,,P35372
OPTN,,Q96CV9
ORAI1,,Q96D31
ORC2,,Q13416
ORM1,,P02763
ORM2,,P19652
OSBP,,P22059
OSR1,,Q8TAX0
OSR2,,Q8N2R0
OTC,,P00480
OTP,,Q5XKR4
OTX1,,P32242
OTX2,,P32243
OVOL1,,O14753
OVOL2,,Q9BRP0
OXA-48,,None
OXSR1,,O95747
OXT,,P01178
OXTR,,P30559
PA2G4,,Q9UQ80
PADI1,,Q9ULC6
PADI2,,Q9Y2J8
PADI3,,Q9ULW8
PADI4,,Q9UM07
PADI6,,Q6TGC4
PAEP,,P09466
PAFAH1B1,,P43034
PAH,,P00439
PAICS,,P22234
PAK1,,Q13153
PAK2,,Q13177
PAK3,,O75914
PAK4,,O96013
PAK5,,Q9P286
PAK6,,Q9NQU5
PAK7,,None
PANX1,,Q96RD7
PANX2,,Q96RD6
PANX3,,Q96QZ0
PAPOLA,,P51003
PAPSS1,,O43252
PAQR5,,Q9NXK6
PARG,,Q86W56
PARK7,,Q99497
PARP1,0.04359584337029556,P09874
PARP15,,Q460N3
PARP2,,Q9UGN5
PARP3,,Q9Y6F1
PARS2,,Q7L3T8
PASK,,Q96RG2
PATZ1,,Q9HBE1
PAWR,,Q96IZ0
PAX1,,P15863
PAX2,,Q02962
PAX3,,P23760
PAX4,,O43316
PAX5,,Q02548
PAX6,,P26367
PAX7,,P23759
PAX8,,Q06710
PAX9,,P55771
PAXBP1,,Q9Y5B6
PB1,,None
PBK,,Q96KB5
PBRM1,,Q86U86
PBX1,,P40424
PBX2,,P40425
PBX3,,P40426
PBX4,,Q9BYU1
PBXIP1,,Q96AQ6
PCBD1,,P61457
PCBD2,,Q9H0N5
PCGF1,,Q9BSM1
PCGF2,,P35227
PCGF3,,Q3KNV8
PCGF5,,Q86SE9
PCGF6,,Q9BYE7
PCK1,,P35558
PCK2,,Q16822
PCNA,,P12004
PCSK9,,Q8NBP7
PCYT1A,,P49585
PDCD4,,Q53EL6
PDCD6,,O75340
PDE10A,,Q9Y233
PDE11A,,Q9HCR9
PDE1A,,P54750
PDE1B,,Q01064
PDE1C,,Q14123
PDE2A,,O00408
PDE3A,,Q14432
PDE3B,,Q13370
PDE4,,None
PDE4A,,P27815
PDE4B,,Q07343
PDE4C,,Q08493
PDE4D,,Q08499
PDE5A,,O76074
PDE6A,,P16499
PDE6B,,P35913
PDE6C,,P51160
PDE6D,,O43924
PDE6G,,P18545
PDE6H,,Q13956
PDE7A,,Q13946
PDE7B,,Q9NP56
PDE8A,,O60658
PDE8B,,O95263
PDE9A,,O76083
PDF,,Q9HBH1
PDGFA,,P04085
PDGFB,,P01127
PDGFD,,Q9GZP0
PDGFRA,,P16234
PDGFRB,,P09619
PDGFRL,,Q15198
PDHA1,,P08559
PDHB,,P11177
PDHX,,O00330
PDK1,,Q15118
PDK2,,Q15119
PDK3,,Q15120
PDLIM1,,O00151
PDPK1,,O15530
PDX1,,P52945
PDXK,,O00764
PDYN,,P01213
PECR,,Q9BY49
PEG3,,Q9GZU2
PELP1,,Q8IZL8
PENK,,P01210
PEPD,,P12955
PER2,,O15055
PEX11A,,O75192
PEX14,,O75381
PEX2,,P28328
PF4,,P02776
PF4V1,,P10720
PFAS,,O15067
PFDN5,,Q99471
PFKFB2,,O60825
PFKFB3,,Q16875
PFKM,,P08237
PGCP,,None
PGD,,P52209
PGF,,P49763
PGGT1B,,P53609
PGM1,,P36871
PGM2,,Q96G03
PGM3,,O95394
PGR,-0.023153301901883847,P06401
PGRMC1,,O00264
PHEX,,P78562
PHF1,,O43189
PHF11,,Q9UIL8
PHF12,,Q96QT6
PHF19,,Q5T6S3
PHF2,,O75151
PHF20,,Q9BVI0
PHF5A,,Q7RTV0
PHF8,-0.004874443409135048,Q9UPP1
PHIP,,Q8WWQ0
PHKA1,,P46020
PHKA2,,P46019
PHKB,,Q93100
PHKG1,,Q16816
PHKG2,,P15735
PHOSPHO1,,Q8TCT1
PHOX2A,,O14813
PHOX2B,,Q99453
PHYH,,O14832
PI3,,P19957
PI4K2A,,Q9BTU6
PI4K2B,,Q8TCG2
PI4KA,,P42356
PI4KB,,Q9UBF8
PIAS1,,O75925
PIAS2,,O75928
PIAS3,,Q9Y6X2
PIAS4,,Q8N2W9
PIEZO1,,Q92508
PIK3C2B,,O00750
PIK3C3,,Q8NEB9
PIK3CA,,P42336
PIK3CB,,P42338
PIK3CD,,O00329
PIK3CG,,P48736
PIK3R1,,P27986
PIK3R2,,O00459
PIK3R3,,Q92569
PIK3R4,,Q99570
PIKFYVE,,Q9Y2I7
PIM1,,P11309
PIM2,,Q9P1W9
PIM3,,Q86V86
PIN1,,Q13526
PIP4K2A,,P48426
PIP5K1A,,Q99755
PIP5K1C,,O60331
PIPOX,,Q9P0Z9
PIR,,O00625
PITX1,,P78337
PITX2,,Q99697
PITX3,,O75364
PKA,,None
PKC,,None
PKD1,,P98161
PKD2,,Q13563
PKD2L1,,Q9P0L9
PKIA,,P61925
PKLR,,P30613
PKM,,P14618
PKMYT1,,Q99640
PKN1,,Q16512
PKN2,,Q16513
PKNOX1,,P55347
PKNOX2,,Q96KN3
PLA2G10,,O15496
PLA2G1B,,P04054
PLA2G2A,,P14555
PLA2G2D,,Q9UNK4
PLA2G2E,,Q9NZK7
PLA2G4A,,P47712
PLA2G5,,P39877
PLA2G6,,O60733
PLA2G7,,Q13093
PLAAT4,,Q9UL19
PLAG1,,Q6DJT9
PLAGL1,,Q9UM63
PLAGL2,,Q9UPG8
PLAT,,P00750
PLAU,,P00749
PLAUR,,Q03405
PLCB1,,Q9NQ66
PLCB2,,Q00722
PLCB3,,Q01970
PLCD1,,P51178
PLCG1,,P19174
PLCG2,,P16885
PLCL1,,Q15111
PLD1,,Q13393
PLD2,,O14939
PLD3,,Q8IV08
PLEKHA1,,Q9HB21
PLG,,P00747
PLIN1,,O60240
PLIN2,,Q99541
PLK1,,P53350
PLK2,,Q9NYY3
PLK3,,Q9H4B4
PLK4,,O00444
PLOD1,,Q02809
PLPP6,,Q8IY26
PLRG1,,O43660
PLTP,,P55058
PMAIP1,,Q13794
PMF1,,Q6P1K2
PML,,P29590
PMS1,,P54277
PNCK,,Q6P2M8
PNKP,,Q96T60
PNLIP,,P16233
PNMT,,P11086
PNP,,P00491
PNPLA6,,Q8IY17
PNPLA7,,Q6ZV29
PNRC1,,Q12796
PNRC2,,Q9NPJ4
POLA1,,P09884
POLB,,P06746
POLD1,,P28340
POLE,,Q07864
POLE2,,P56282
POLE3,,Q9NRF9
POLE4,,Q9NR33
POLH,,Q9Y253
POLI,,Q9UNA4
POLK,,Q9UBT6
POLR2A,0.027674419210101373,P24928
POLR3C,,Q9BUI4
POLR3F,,Q9H1D9
POMC,,P01189
PON1,,P27169
POR,,P16435
PORCN,,Q9H237
POTEE,,Q6S8J3
POTEI,,P0CG38
POTEJ,,P0CG39
POU1F1,,P28069
POU2AF1,,Q16633
POU2F1,,P14859
POU2F2,0.005277051105409886,P09086
POU2F3,,Q9UKI9
POU3F1,,Q03052
POU3F2,,P20265
POU3F3,,P20264
POU3F4,,P49335
POU4F1,,Q01851
POU4F2,,Q12837
POU4F3,,Q15319
POU5F1,,Q01860
POU5F1B,,Q06416
POU5F2,,Q8N7G0
POU6F1,,Q14863
POU6F2,,P78424
PPAN-P2RY11,,PPAN-P2RY11
PPARA,-0.03852698317969254,Q07869
PPARD,-0.00635834154109465,Q03181
PPARG,0.04161831920480372,P37231
PPARGC1A,,Q9UBK2
PPARGC1B,,Q86YN6
PPAT,,Q06203
PPBP,,P02775
PPI,,None
PPIA,,P62937
PPIB,,P23284
PPIC,,P45877
PPID,,Q08752
PPIF,,P30405
PPIG,,Q13427
PPIH,,O43447
PPM1D,,O15297
PPME1,,Q9Y570
PPOX,,P50336
PPP1CA,,P62136
PPP1CC,,P36873
PPP1R12A,,O14974
PPP1R13L,,Q8WUF5
PPP2CA,,P67775
PPP2CB,,P62714
PPP2R1A,,P30153
PPP2R5A,,Q15172
PPP2R5D,,Q14738
PPP3CA,,Q08209
PPP3CB,,P16298
PPP3CC,,P48454
PPP3R1,,P63098
PPP3R2,,Q96LZ3
PPRC1,,Q5VV67
PQBP1,,O60828
PRAME,,P78395
PRC1,,O43663
PRDM1,,O75626
PRDM10,,Q9NQV6
PRDM12,,Q9H4Q4
PRDM13,,Q9H4Q3
PRDM14,,Q9GZV8
PRDM15,,P57071
PRDM16,,Q9HAZ2
PRDM2,,Q13029
PRDM4,,Q9UKN5
PRDM5,,Q9NQX1
PRDM6,,Q9NQX0
PRDM7,,Q9NQW5
PRDM8,,Q9NQV8
PRDM9,,Q9NQV7
PRDX2,,P32119
PRDX3,,P30048
PRDX5,,P30044
PRDX6,,P30041
PREB,,Q9HCU5
PREP,,P48147
PRKAA1,,Q13131
PRKAA2,,P54646
PRKAB1,,Q9Y478
PRKAB2,,O43741
PRKACA,,P17612
PRKACB,,P22694
PRKACG,,P22612
PRKAG1,,P54619
PRKAG2,,Q9UGJ0
PRKAG3,,Q9UGI9
PRKAR1A,,P10644
PRKAR1B,,P31321
PRKAR2A,,P13861
PRKAR2B,,P31323
PRKCA,,P17252
PRKCB,,P05771
PRKCD,,Q05655
PRKCE,,Q02156
PRKCG,,P05129
PRKCH,,P24723
PRKCI,,P41743
PRKCQ,,Q04759
PRKCZ,,Q05513
PRKD1,,Q15139
PRKD2,,Q9BZL6
PRKD3,,O94806
PRKDC,0.008812733689157784,P78527
PRKG1,,Q13976
PRKG2,,Q13237
PRKX,,P51817
PRL,,P01236
PRLR,,P16471
PRMT1,,Q99873
PRMT2,,P55345
PRMT3,,O60678
PRMT5,,O14744
PRMT6,,Q96LA8
PRNP,,P04156
PROC,,P04070
PRODH,,O43272
PROKR2,,Q8NFJ6
PROP1,,O75360
PROS1,,P07225
PROSC,,None
PROX1,,Q92786
PROX2,,Q3B8N5
PROZ,,P22891
PRPF6,,O94906
PRPS1,,P60891
PRRX1,,P54821
PRRX2,,Q99811
PRSS1,,P07477
PRSS2,,P07478
PRSS3,,P35030
PRSS8,,Q16651
PSAT1,,Q9Y617
PSEN1,,P49768
PSEN2,,P49810
PSIP1,,O75475
PSMA1,,P25786
PSMA2,,P25787
PSMA3,,P25788
PSMA4,,P25789
PSMA5,,P28066
PSMA6,,P60900
PSMA7,,O14818
PSMA8,,Q8TAA3
PSMB1,,P20618
PSMB10,,P40306
PSMB11,,A5LHX3
PSMB2,,P49721
PSMB3,,P49720
PSMB4,,P28070
PSMB5,,P28074
PSMB6,,P28072
PSMB7,,Q99436
PSMB8,,P28062
PSMB9,,P28065
PSMC3,,P17980
PSMC3IP,,Q9P2W1
PSMD1,,Q99460
PSMD2,,Q13200
PSMD9,,O00233
PSPC1,,Q8WXF1
PTAFR,,P25105
PTCH1,,Q13635
PTEN,,P60484
PTF1A,,Q7RTS3
PTGDR,,Q13258
PTGDR2,,Q9Y5Y4
PTGER1,,P34995
PTGER2,,P43116
PTGER3,,P43115
PTGER4,,P35408
PTGES,,O14684
PTGFR,,P43088
PTGIR,,P43119
PTGIS,,Q16647
PTGR1,,Q14914
PTGR2,,Q8N8N7
PTGS1,,P23219
PTGS2,,P35354
PTH,,P01270
PTH1R,,Q03431
PTH2R,,P49190
PTHLH,,P12272
PTK2,,Q05397
PTK2B,,Q14289
PTK6,,Q13882
PTMA,,P06454
PTP4A3,,O75365
PTPMT1,,Q8WUK0
PTPN1,,P18031
PTPN11,,Q06124
PTPN12,,Q05209
PTPN18,,Q99952
PTPN2,,P17706
PTPN20,,Q4JDL3
PTPN22,,Q9Y2R2
PTPN4,,P29074
PTPN5,,P54829
PTPN6,,P29350
PTPN7,,P35236
PTPN9,,P43378
PTPRE,,P23469
PTPRG,,P23470
PTPRO,,Q16827
PTPRR,,Q15256
PTPRS,,Q13332
PTRF,,None
PTS,,Q03393
PTTG1,,O95997
PTTG2,,Q9NZH5
PUF60,,Q9UHX1
PURA,,Q00577
PURB,,Q96QR8
PVR,,P15151
PXN,,P49023
PYCR1,,P32322
PYCR2,,Q96C36
PYCRL,,None
PYGB,,P11216
PYGL,,P06737
PYGM,,P11217
PYGO2,,Q9BRQ0
QDPR,,P09417
QPCT,,Q16769
QRFPR,,Q96P65
RAB11A,,P62491
RAB11B,,Q15907
RAB24,,Q969Q5
RAB25,,P57735
RAB2A,,P61019
RAB2B,,Q8WUD1
RAB9A,,P51151
RAC1,,P63000
RAC2,,P15153
RAC3,,P60763
RAD21,,O60216
RAD51,,Q06609
RAD51B,,O15315
RAD51C,,O43502
RAD51D,,O75771
RAE1,,P78406
RAF1,,P04049
RALA,,P11233
RALB,,P11234
RALBP1,,Q15311
RALGAPA2,,Q2PPJ7
RALGAPB,,Q86X10
RAMP1,,O60894
RAMP2,,O60895
RAMP3,,O60896
RAN,,P62826
RANBP1,,P43487
RANBP2,,P49792
RANGAP1,,P46060
RAP1A,,P62834
RAP1B,,P61224
RAP2A,,P10114
RAPGEF3,,O95398
RAPGEF4,,Q8WZA2
RARA,-0.038023253441262075,P10276
RARB,0.014892648083677887,P10826
RARG,0.0022150710023362856,P13631
RARRES1,,P49788
RASA1,,P20936
RASL12,,Q9NYN1
RASSF1,,Q9NS23
RAX,,Q9Y2V3
RAX2,,Q96IS3
RB1,-0.03792830674295224,P06400
RBAK,,Q9NYW8
RBBP4,,Q09028
RBBP5,,Q15291
RBBP7,,Q16576
RBBP8,,Q99708
RBFOX2,,O43251
RBL1,,P28749
RBL2,,Q08999
RBM14,,Q96PK6
RBM39,,Q14498
RBP1,,P09455
RBP4,,P02753
RBPJ,,Q06330
RBPJL,,Q9UBG7
RBPMS,,Q93062
RCC1,,P18754
RCOR1,,Q9UKL0
RCOR2,,Q8IZ40
RCOR3,,Q9P2K3
RCVRN,,P35243
REG1A,,P05451
REL,,Q04864
RELA,0.0021980936025167838,Q04206
RELB,,Q01201
REM1,,O75628
REM2,,Q8IYK8
REN,,P00797
REPIN1,,Q9BWE0
RERE,,Q9P2R6
RERG,,Q96A58
REST,,Q13127
RET,,P07949
RETN,,Q9HD89
REV1,,Q9UBZ9
REXO4,,Q9GZR2
RFC1,,P35251
RFK,,Q969G6
RFX1,,P22670
RFX2,,P48378
RFX3,,P48380
RFX4,,Q33E94
RFX5,,P48382
RFX6,,Q8HWS3
RFX7,,Q2KHR2
RFX8,,Q6ZV50
RFXANK,,O14593
RFXAP,,O00287
RGL1,,Q9NZL6
RGS1,,Q08116
RGS10,,O43665
RGS14,,O43566
RGS17,,Q9UGC6
RGS18,,Q9NS28
RGS19,,P49795
RGS2,,P41220
RGS20,,O76081
RGS4,,P49798
RGS6,,P49758
RGS7,,P49802
RGS8,,P57771
RGS9BP,,Q6ZS82
RHEB,,Q15382
RHO,,P08100
RHOA,-0.01593036652290157,P61586
RHOC,,P08134
RHOXF1,,Q8NHV9
RHOXF2,,Q9BQY4
RHOXF2B,,P0C7M4
RING1,,Q06587
RIPK1,,Q13546
RIPK2,,O43353
RIPK3,,Q9Y572
RLF,,Q13129
RLIM,,Q9NVW2
RNASE1,,P07998
RNASE3,,P12724
RND3,,P61587
RNF10,,Q8N5U6
RNF111,,Q6ZNA4
RNF138,,Q8WVD3
RNF14,,Q9UBS8
RNF141,,Q8WVD5
RNF2,,Q99496
RNF20,,Q5VTR2
RNF4,,P78317
RNF43,,Q68DV7
RNF6,,Q9Y252
RNPEP,,Q9H4A4
ROCK1,,Q13464
ROCK2,,O75116
RORA,-0.0012108401404689233,P35398
RORB,0.04958168372573947,Q92753
RORC,-0.05603801297095824,P51449
ROS1,,P08922
RPL10L,,Q96L21
RPL11,,P62913
RPL13A,,P40429
RPL15,,P61313
RPL19,,P84098
RPL23,,P62829
RPL23A,,P62750
RPL26L1,,Q9UNX3
RPL3,,P39023
RPL37,,P61927
RPL8,,P62917
RPS2,,P15880
RPS6KA1,,Q15418
RPS6KA2,,Q15349
RPS6KA3,,P51812
RPS6KA4,,O75676
RPS6KA5,,O75582
RPS6KA6,,Q9UK32
RPS6KB1,,P23443
RPS6KB2,,Q9UBS0
RPTOR,,Q8N122
RRAD,,P55042
RRAS2,,P62070
RREB1,,Q92766
RRM1,,P23921
RRM2,,P31350
RRM2B,,Q7LG56
RRN3,,Q9NYV6
RS1,,O15537
RSF1,,Q96T23
RSL24D1,,Q9UHA3
RTEL1,,Q9NZ71
RTN4R,,Q9BZR6
RUNX1,,Q01196
RUNX2,,Q13950
RUNX3,,Q13761
RUVBL1,,Q9Y265
RUVBL2,,Q9Y230
RXFP3,,Q9NSD7
RXFP4,,Q8TDU9
RXRA,0.015963816292003625,P19793
RXRB,-0.02655570971594464,P28702
RXRG,-0.023666980878356583,P48443
RYBP,,Q8N488
RYR1,,P21817
RYR2,,Q92736
RYR3,,Q15413
SAFB,,Q15424
SAFB2,,Q14151
SALL1,,Q9NSC2
SALL2,,Q9Y467
SALL3,,Q9BXA9
SALL4,,Q9UJQ4
SAP130,,Q9H0E3
SAP18,,O00422
SAP30,,O75446
SAR1A,,Q9NR31
SAR1B,,Q9Y6B6
SAT1,,P21673
SATB1,,Q01826
SATB2,,Q9UPW6
SCAI,,Q8N9R8
SCAND1,,P57086
SCARA5,,Q6ZMJ2
SCARB1,,Q8WTV0
SCD,,O00767
SCG2,,P13521
SCIN,,Q9Y6U3
SCMH1,,Q96GD3
SCN10A,,Q9Y5Y9
SCN11A,,Q9UI33
SCN1A,,P35498
SCN1B,,Q07699
SCN2A,,Q99250
SCN2B,,O60939
SCN3A,,Q9NY46
SCN3B,,Q9NY72
SCN4A,,P35499
SCN4B,,Q8IWT1
SCN5A,,Q14524
SCN7A,,Q01118
SCN8A,,Q9UQD0
SCN9A,,Q15858
SCNN1A,,P37088
SCNN1B,,P51168
SCNN1D,,P51172
SCNN1G,,P51170
SCO1,,O75880
SCO2,,O43819
SCRT1,,Q9BWW7
SCRT2,,Q9NQ03
SCT,,P09683
SCTR,,P47872
SCX,,Q7RTU7
SDC2,,P34741
SDHD,,O14521
SDR16C5,,Q8N3Y7
SEBOX,,Q9HB31
SEC14L2,,O76054
SEC14L3,,Q9UDX4
SEC14L4,,Q9UDX3
SELE,,P16581
SELENOH,,Q8IZQ5
SELL,,P14151
SELP,,P16109
SENP2,,Q9HC62
SERHL2,,Q9H4I8
SERPINA1,,P01009
SERPINA6,,P08185
SERPINB2,,P05120
SERPINB3,,P29508
SERPINB5,,P36952
SERPINC1,,P01008
SERPIND1,,P05546
SERPINE1,,P05121
SERPINF1,,P36955
SERTAD2,,Q14140
SETD2,,Q9BYW2
SETD3,,Q86TU7
SETD5,,Q9C0A6
SETD7,,Q8WTS6
SETDB1,,Q15047
SETDB2,,Q96T68
SF1,,Q15637
SFMBT1,,Q9UHJ3
SFPQ,,P23246
SFRP1,,Q8N474
SFRP4,,Q6FHJ7
SGK1,,O00141
SGK2,,Q9HBY8
SGK3,,Q96BR1
SH2B3,,Q9UQQ2
SHBG,,P04278
SHC1,,P29353
SHH,,Q15465
SHMT1,,P34896
SHMT2,,P34897
SHOX,,O15266
SHOX2,,O60902
SIAH1,,Q8IUQ4
SIAH2,,O43255
SIGMAR1,,Q99720
SIK1,,P57059
SIK2,,Q9H0K1
SIM1,,P81133
SIM2,,Q14190
SIN3A,,Q96ST3
SIN3B,,O75182
SIRT1,,Q96EB6
SIRT2,0.02415924043534551,Q8IXJ6
SIRT3,,Q9NTG7
SIRT4,,Q9Y6E7
SIRT5,,Q9NXA8
SIRT7,,Q9NRC8
SIX1,,Q15475
SIX2,,Q9NPC8
SIX3,,O95343
SIX4,,Q9UIU6
SIX5,,Q8N196
SIX6,,O95475
SKI,,P12755
SKIL,,P12757
SKOR1,,P84550
SKOR2,,Q2VWA4
SLC10A1,,Q14973
SLC10A2,,Q12908
SLC11A2,,P49281
SLC12A1,,Q13621
SLC12A2,,P55011
SLC12A3,,P55017
SLC12A4,,Q9UP95
SLC12A5,,Q9H2X9
SLC15A1,,P46059
SLC15A2,,Q16348
SLC15A3,,Q8IY34
SLC15A4,,Q8N697
SLC15A5,,A6NIM6
SLC16A1,,P53985
SLC16A7,,O60669
SLC18A1,,P54219
SLC18A2,,Q05940
SLC18A3,,Q16572
SLC1A1,,P43005
SLC1A2,,P43004
SLC1A3,,P43003
SLC1A6,,P48664
SLC1A7,,O00341
SLC20A1,,Q8WUM9
SLC22A1,,O15245
SLC22A11,,Q9NSA0
SLC22A12,,Q96S37
SLC22A2,,O15244
SLC22A3,,O75751
SLC22A4,,Q9H015
SLC22A5,,O76082
SLC22A6,,Q4U2R8
SLC22A7,,Q9Y694
SLC22A8,,Q8TCC7
SLC22A9,,Q8IVM8
SLC23A1,,Q9UHI7
SLC23A2,,Q9UGH3
SLC25A12,,O75746
SLC25A13,,Q9UJS0
SLC25A18,,Q9H1K4
SLC25A20,,O43772
SLC25A22,,Q9H936
SLC25A4,,P12235
SLC25A5,,P05141
SLC25A6,,P12236
SLC26A3,,P40879
SLC27A1,,Q6PCB7
SLC29A1,,Q99808
SLC29A4,,Q7RTT9
SLC2A1,,P11166
SLC2A2,,P11168
SLC2A3,,P11169
SLC2A4,,P14672
SLC2A4RG,,Q9NR83
SLC30A1,,Q9Y6M5
SLC30A10,,Q6XR72
SLC30A2,,Q9BRI3
SLC30A3,,Q99726
SLC30A4,,O14863
SLC30A5,,Q8TAD4
SLC30A6,,Q6NXT4
SLC30A7,,Q8NEW0
SLC30A8,,Q8IWU4
SLC31A2,,O15432
SLC32A1,,Q9H598
SLC36A1,,Q7Z2H8
SLC38A1,,Q9H2H9
SLC46A1,,Q96NT5
SLC47A1,,Q96FL8
SLC47A2,,Q86VL8
SLC4A4,,Q9Y6R1
SLC52A2,,Q9HAB3
SLC5A1,,P13866
SLC5A11,,Q8WWX8
SLC5A2,,P31639
SLC5A3,,P53794
SLC5A4,,Q9NY91
SLC5A7,,Q9GZV3
SLC5A8,,Q8N695
SLC6A1,,P30531
SLC6A11,,P48066
SLC6A12,,P48065
SLC6A13,,Q9NSD5
SLC6A14,,Q9UN76
SLC6A2,,P23975
SLC6A3,,Q01959
SLC6A4,,P31645
SLC6A5,,Q9Y345
SLC6A7,,Q99884
SLC6A8,,P48029
SLC6A9,,P48067
SLC7A1,,P30825
SLC7A11,,Q9UPY5
SLC7A2,,P52569
SLC7A3,,Q8WY07
SLC7A4,,O43246
SLC7A7,,Q9UM01
SLC8A1,,P32418
SLC9A1,,P19634
SLC9A3R1,,O14745
SLC9A7,,Q96T83
SLC9B2,,Q86UD5
SLCO1A2,,P46721
SLCO1B1,,Q9Y6L6
SLCO1B3,,Q9NPD5
SLCO1C1,,Q9NYB5
SLCO2A1,,Q92959
SLCO2B1,,O94956
SLK,,Q9H2G2
SLURP1,,P55000
SMAD1,,Q15797
SMAD2,,Q15796
SMAD3,,P84022
SMAD4,,Q13485
SMAD5,,Q99717
SMAD6,,O43541
SMAD7,,O15105
SMAD9,,O15198
SMARCA1,,P28370
SMARCA2,,P51531
SMARCA4,,P51532
SMARCA5,,O60264
SMARCAD1,,Q9H4L7
SMARCB1,,Q12824
SMARCC1,,Q92922
SMARCC2,,Q8TAQ2
SMARCD1,,Q96GM5
SMARCD2,,Q92925
SMARCD3,,Q6STE5
SMARCE1,,Q969G3
SMO,,Q99835
SMOX,,Q9NWM0
SMPD1,,P17405
SMPD2,,O60906
SMPD3,,Q9NY59
SMPD4,,Q9NXE4
SMURF2,,Q9HAU4
SMYD1,,Q8NB12
SMYD2,,Q9NRG4
SNAI1,,O95863
SNAI2,,O43623
SNAI3,,Q3KNW1
SNAP25,,P60880
SNAPC4,,Q5SXM2
SNCA,,P37840
SND1,,Q7KZF4
SNIP1,,Q8TAD8
SNW1,,Q13573
SOAT1,,P35610
SOAT2,,O75908
SOCS1,,O15524
SOCS3,,O14543
SOD1,,P00441
SOD2,,P04179
SOD3,,P08294
SOHLH1,,Q5JUK2
SOHLH2,,Q9NX45
SORD,,Q00796
SORT1,,Q99523
SOX1,,O00570
SOX10,,P56693
SOX11,,P35716
SOX12,,O15370
SOX13,,Q9UN79
SOX14,,O95416
SOX15,,O60248
SOX17,,Q9H6I2
SOX18,,P35713
SOX2,,P48431
SOX21,,Q9Y651
SOX3,,P41225
SOX30,,O94993
SOX4,,Q06945
SOX5,,P35711
SOX6,,P35712
SOX7,,Q9BT81
SOX8,,P57073
SOX9,,P48436
SP1,-0.01944261772760867,P08047
SP100,,P23497
SP110,,Q9HB58
SP140,,Q13342
SP140L,,Q9H930
SP2,,Q02086
SP3,,Q02447
SP4,,Q02446
SP5,,Q6BEB4
SP6,,Q3SY56
SP7,,Q8TDD2
SP8,,Q8IXZ3
SP9,,P0CG40
SPDEF,,O95238
SPEN,,Q96T58
SPHK1,,Q9NYA1
SPHK2,,Q9NRA0
SPI1,,P17947
SPIB,,Q01892
SPIC,,Q8N5J4
SPIRE2,,Q8WWL2
SPP1,,P10451
SPRY1,,O43609
SPRY2,,O43597
SPRY3,,O43610
SPRY4,,Q9C004
SPTBN1,,Q01082
SPTLC1,,O15269
SPTLC2,,O15270
SPTLC3,,Q9NUV7
SPZ1,,Q9BXG8
SQLE,,Q14534
SRA1,,Q9HD15
SRC,,P12931
SRCAP,,Q6ZRS2
SRD5A1,,P18405
SRD5A2,,P31213
SRD5A3,,Q9H8P0
SREBF1,-0.021655362582636728,P36956
SREBF2,0.024680718394437574,Q12772
SRF,,P11831
SRMS,,Q9H3Y6
SRPK1,,Q96SB4
SRPK2,,P78362
SRSF2,,Q01130
SRSF8,,Q9BRL6
SRY,,Q05066
SSBP2,,P81877
SSBP3,,Q9BWW4
SSRP1,,Q08945
SST,,P61278
SSTR1,,P30872
SSTR2,,P30874
SSTR3,,P32745
SSTR4,,P31391
SSTR5,,P35346
SSX1,,Q16384
SSX3,,Q99909
SSX4B,,O60224
SSX5,,O60225
SSX7,,Q7RTT5
ST14,,Q9Y5Y6
ST18,,O60284
STAR,,P49675
STAT1,0.004558796458032126,P42224
STAT2,,P52630
STAT3,0.024489011371142025,P40763
STAT4,,Q14765
STAT5A,,P42229
STAT5B,,P51692
STAT6,0.030466773021667018,P42226
STING1,,Q86WV6
STK10,,O94804
STK11,,Q15831
STK16,,O75716
STK17A,,Q9UEE5
STK17B,,O94768
STK24,,Q9Y6E0
STK25,,O00506
STK26,,Q9P289
STK3,,Q13188
STK33,,Q9BYT3
STK38,,Q15208
STK39,,Q9UEW8
STK4,,Q13043
STMN1,,P16949
STMN4,,Q9H169
STS,,P08842
STXBP1,,P61764
STYK1,,Q6J9G0
SUB1,,P53999
SUFU,,Q9UMX1
SULT1A1,,P50225
SULT1A2,,P50226
SULT1A3,,P0DMM9
SULT1B1,,O43704
SULT1C2,,O00338
SULT1E1,,P49888
SULT2A1,,Q06520
SULT2B1,,O00204
SUMF2,,Q8NBJ7
SUMO1,,P63165
SUMO3,,P55854
SUPT3H,,O75486
SUPT4H1,,P63272
SUPT5H,,O00267
SUPT6H,,Q7KZ85
SUPT7L,,O94864
SUV39H1,-0.0038584066403645405,O43463
SUV39H2,,Q9H5I1
SUZ12,,Q15022
SV2A,,Q7L0J3
SYK,,P43405
SYT5,,O00445
TAAR1,,Q96RJ0
TAAR5,,O14804
TAC1,,P20366
TACC3,,Q9Y6A5
TACR1,,P25103
TACR2,,P21452
TACR3,,P29371
TADA1,,Q96BN2
TADA2A,,O75478
TADA2B,,Q86TJ2
TADA3,,O75528
TAF1,,P21675
TAF10,,Q12962
TAF11,,Q15544
TAF12,,Q16514
TAF1A,,Q15573
TAF1C,,Q15572
TAF1D,,Q9H5J8
TAF1L,,Q8IZX4
TAF4,,O00268
TAF4B,,Q92750
TAF5,,Q15542
TAF5L,,O75529
TAF6,,P49848
TAF6L,,Q9Y6J9
TAF7,,Q15545
TAF7L,,Q5H9L4
TAF9,,Q16594
TAF9B,,Q9HBM6
TAL1,,P17542
TAL2,,Q16559
TAOK1,,Q7L7X3
TAOK2,,Q9UL54
TAOK3,,Q9H2K8
TAS1R1,,Q7RTX1
TAS1R2,,Q8TE23
TAS1R3,,Q7RTX0
TAT,,P17735
TBC1D1,,Q86TI0
TBC1D4,,O60343
TBK1,,Q9UHD2
TBL1X,,O60907
TBL1XR1,,Q9BZK7
TBL1Y,,Q9BQ87
TBP,,P20226
TBPL1,,P62380
TBR1,,Q16650
TBX1,,O43435
TBX10,,O75333
TBX15,,Q96SF7
TBX18,,O95935
TBX19,0.0613160283729707,O60806
TBX2,,Q13207
TBX20,,Q9UMR3
TBX21,,Q9UL17
TBX22,,Q9Y458
TBX3,,O15119
TBX4,,P57082
TBX5,,Q99593
TBX6,,O95947
TBXA2R,,P21731
TBXAS1,,P24557
TBXT,,O15178
TCEA1,,P23193
TCEA2,,Q15560
TCEB2,,None
TCERG1,,O14776
TCF12,,Q99081
TCF15,,Q12870
TCF19,,Q9Y242
TCF20,,Q9UGU0
TCF21,,O43680
TCF23,,Q7RTU1
TCF24,,Q7RTU0
TCF25,,Q9BQ70
TCF3,,P15923
TCF4,,P15884
TCF7,,P36402
TCF7L1,,Q9HCS4
TCF7L2,,Q9NQB0
TCFL5,,Q9UL49
TDO2,,P48775
TDP2,,O95551
TDRD3,,Q9H7E2
TEAD1,,P28347
TEAD2,,Q15562
TEAD3,,Q99594
TEAD4,,Q15561
TEC,,P42680
TEF,,Q10587
TEK,,Q02763
TEP1,,Q99973
TERB1,,Q8NA31
TERF1,,P54274
TERF2,,Q15554
TERT,,O14746
TFAM,,Q00059
TFAP2A,,P05549
TFAP2B,,Q92481
TFAP2C,,Q92754
TFAP2D,,Q7Z6R9
TFAP2E,,Q6VUC0
TFAP4,,Q01664
TFCP2,,Q12800
TFCP2L1,,Q9NZI6
TFDP1,,Q14186
TFDP2,,Q14188
TFDP3,,Q5H9I0
TFE3,,P19532
TFEB,,P19484
TFEC,,O14948
TFF1,,P04155
TFPI,,P10646
TGFA,,P01135
TGFB1,-0.005085504961023321,P01137
TGFB1I1,,O43294
TGFB2,,P61812
TGFBR1,,P36897
TGFBR2,,P37173
TGIF1,,Q15583
TGIF2,,Q9GZN2
TGIF2LX,,Q8IUE1
TGIF2LY,,Q8IUE0
TGM2,,P21980
TGS1,,Q96RS0
THAP1,,Q9NVV9
THAP10,,Q9P2Z0
THAP11,,Q96EK4
THAP12,,O43422
THAP2,,Q9H0W7
THAP3,,Q8WTV1
THAP4,,Q8WY91
THAP5,,Q7Z6K1
THAP6,,Q8TBB0
THAP7,,Q9BT49
THAP8,,Q8NA92
THAP9,,Q9H5L6
THBD,,P07204
THBS1,,P07996
THEM4,,Q5T1C6
THRA,-0.006417466850083892,P10827
THRAP3,,Q9Y2W1
THRB,-0.006704361733164367,P10828
TICAM1,,Q8IUC6
TIE1,,P35590
TIMP2,,P16035
TIMP3,,P35625
TK1,,P04183
TK2,,O00142
TKT,,P29401
TLE1,,Q04724
TLE2,,Q04725
TLE4,,Q04727
TLK2,,Q86UE8
TLR1,,Q15399
TLR2,,O60603
TLR3,,O15455
TLR4,,O00206
TLR7,,Q9NYK1
TLR8,,Q9NR97
TLR9,,Q9NR96
TLX1,,P31314
TLX2,,O43763
TLX3,,O43711
TMF1,,P82094
TMIGD3,,P0DMS9
TMP1,,None
TNF,,P01375
TNFRSF10A,,O00220
TNFRSF10B,,O14763
TNFRSF1A,,P19438
TNFRSF21,,O75509
TNFRSF4,,P43489
TNFSF10,,P50591
TNFSF11,,O14788
TNFSF13B,,Q9Y275
TNFSF4,,P23510
TNIK,,Q9UKE5
TNK1,,Q13470
TNK2,,Q07912
TNKS,,O95271
TNKS2,,Q9H2K2
TNNC1,,P63316
TNNC2,,P02585
TNNI3,,P19429
TNPO1,,Q92973
TOB1,,P50616
TONSL,,Q96HA7
TOP1,,P11387
TOP1MT,,Q969P6
TOP2A,,P11388
TOP2B,,Q02880
TOPORS,,Q9NS56
TOX,,O94900
TOX2,,Q96NM4
TOX3,,O15405
TOX4,,O94842
TP53,-0.03113372571170833,P04637
TP63,,Q9H3D4
TP73,,O15350
TPH1,,P17752
TPH2,,Q8IWU9
TPI1,,P60174
TPMT,,P51580
TPO,,P07202
TPP2,,P29144
TPR,,P12270
TPRX1,,Q8N7U7
TPRX2P,,TPRX2P
TPSAB1,,Q15661
TPX2,,Q9ULW0
TRAF6,,Q9Y4K3
TRAK1,,Q9UPV9
TRAP1,,Q12931
TREH,,O43280
TRERF1,,Q96PN7
TRHR,,P34981
TRIB3,,Q96RU7
TRIM11,,Q96F44
TRIM13,,O60858
TRIM16,,O95361
TRIM17,,Q9Y577
TRIM21,,P19474
TRIM22,,Q8IYM9
TRIM24,,O15164
TRIM25,,Q14258
TRIM27,,P14373
TRIM28,,Q13263
TRIM29,,Q14134
TRIM32,,Q13049
TRIM33,,Q9UPN9
TRIM6,,Q9C030
TRIM7,,Q9C029
TRIO,,O75962
TRIP11,,Q15643
TRIP4,,Q15650
TRIP6,,Q15654
TRPA1,,O75762
TRPC1,,P48995
TRPC3,,Q13507
TRPC4,,Q9UBN4
TRPC5,,Q9UL62
TRPC6,,Q9Y210
TRPC7,,Q9HCX4
TRPM2,,O94759
TRPM3,,Q9HCF6
TRPM4,,Q8TD43
TRPM5,,Q9NZQ8
TRPM6,,Q9BX84
TRPM7,,Q96QT4
TRPM8,,Q7Z2W7
TRPS1,,Q9UHF7
TRPV1,,Q8NER1
TRPV2,,Q9Y5S1
TRPV3,,Q8NET8
TRPV4,,Q9HBA0
TRPV5,,Q9NQA5
TRPV6,,Q9H1D0
TRRAP,,Q9Y4A5
TSC1,,Q92574
TSC2,,P49815
TSC22D1,,Q15714
TSC22D2,,O75157
TSC22D3,,Q99576
TSC22D4,,Q9Y3Q8
TSG101,,Q99816
TSHB,,P01222
TSHR,,P16473
TSHZ1,,Q6ZSZ6
TSHZ2,,Q9NRE2
TSHZ3,,Q63HK5
TSPO,,P30536
TSSK1B,,Q9BXA7
TSSK2,,Q96PF2
TTF1,,Q15361
TTF2,,Q9UNY4
TTK,,P33981
TTPA,,P49638
TTR,,P02766
TUB,,P50607
TUB1,,None
TUB2,,None
TUBA1A,,Q71U36
TUBA1B,,P68363
TUBA1C,,Q9BQE3
TUBA3C,,P0DPH7
TUBA3D,,P0DPH8
TUBA3E,,Q6PEY2
TUBA4A,,P68366
TUBA8,,Q9NY65
TUBB,,P07437
TUBB1,,Q9H4B7
TUBB2A,,Q13885
TUBB2B,,Q9BVA1
TUBB3,,Q13509
TUBB4A,,P04350
TUBB4B,,P68371
TUBB6,,Q9BUF5
TUBB8,,Q3ZCM7
TUBD1,,Q9UJT1
TUBE1,,Q9UJT0
TUBG1,,P23258
TULP1,,O00294
TULP2,,O00295
TULP3,,O75386
TULP4,,Q9NRJ4
TWIST1,,Q15672
TWIST2,,Q8WVJ9
TXK,,P42681
TXN,,P10599
TXN2,,Q99757
TXNIP,,Q9H3M7
TXNRD1,,Q16881
TXNRD2,,Q9NNW7
TYK2,,P29597
TYMP,,P19971
TYMS,,P04818
TYR,,P14679
TYRO3,,Q06418
TYW1,,Q9NV66
UBA1,,P22314
UBA3,,Q8TBC4
UBE2B,,P63146
UBE2I,,P63279
UBE2K,,P61086
UBE2L3,,P68036
UBE2N,,P61088
UBE3A,,Q05086
UBP1,,Q9NZI7
UBTF,,P17480
UBTFL1,,P0CB47
UCHL1,,P09936
UCHL5,,Q9Y5K5
UCK2,,Q9BZX2
UCP1,,P25874
UCP2,,P55851
UCP3,,P55916
UEVLD,,Q8IX04
UGCG,,Q16739
UGDH,,O60701
UGT1A1,,P22309
UGT1A10,,Q9HAW8
UGT1A3,,P35503
UGT1A4,,P22310
UGT1A6,,P19224
UGT1A8,,Q9HAW9
UGT1A9,,O60656
UGT2B15,,P54855
UGT2B17,,O75795
UGT2B4,,P06133
UGT2B7,,P16662
UGT3A1,,Q6NUS8
UIMC1,,Q96RL1
UL54,,None
ULK1,,O75385
ULK2,,Q8IYT8
ULK3,,Q6PHR2
UMPS,,P11172
UNC13B,,O14795
UNCX,,A6NJT0
URI1,,O94763
UROD,,P06132
UROS,,P10746
USF1,,P22415
USF2,,Q15853
USF3,,Q68DE3
USP1,,O94782
USP10,,Q14694
USP13,,Q92995
USP14,,P54578
USP16,,Q9Y5T5
USP2,,O75604
USP21,,Q9UK80
USP22,,Q9UPT9
USP46,,P62068
USP7,,Q93009
USP9X,,Q93008
UTF1,,Q5T230
UTRN,,P46939
UTS2R,,Q9UKP6
VAMP2,,P63027
VAX1,,Q5SQQ9
VAX2,,Q9UIW0
VCAM1,,P19320
VCP,,P55072
VDAC1,,P21796
VDAC2,,P45880
VDAC3,,Q9Y277
VDR,0.04349597493825254,P11473
VEGFA,,P15692
VENTX,,O95231
VEZF1,,Q14119
VGLL1,,Q99990
VGLL2,,Q8N8G2
VGLL4,,Q14135
VHL,,P40337
VIL1,,P09327
VILL,,O15195
VIP,,P01282
VIPR1,,P32241
VIPR2,,P41587
VKORC1,,Q9BQB6
VKORC1L1,,Q8N0U8
VMAT2,,None
VPS25,,Q9BRG1
VPS72,,Q15906
VSX1,,Q9NZR4
VSX2,,P58304
VWF,,P04275
WARS,,None
WARS2,,Q9UGM6
WAS,,P42768
WASL,,O00401
WDHD1,,O75717
WDR5,,P61964
WDR77,,Q9BQA1
WEE1,,P30291
WHSC1,,None
WHSC1L1,,None
WIZ,,O95785
WNK1,,Q9H4A3
WNK2,,Q9Y3S1
WNK3,,Q9BYP7
WNK4,,Q96J92
WNT3A,,P56704
WNT4,,P56705
WRN,,Q14191
WT1,0.005139384867836407,P19544
WTIP,,A6NIX2
WWC1,,Q8IX03
WWP1,,Q9H0M0
WWTR1,,Q9GZV5
XAF1,,Q6GPH4
XBP1,,P17861
XDH,,P47989
XIAP,,P98170
XPA,,P23025
XPO1,,O14980
XRCC1,,P18887
XRCC3,,O43542
XRCC6,,P12956
XYLT1,,Q86Y38
YAF2,,Q8IY57
YAP1,,P46937
YARS,,None
YBX1,,P67809
YBX2,,Q9Y2T7
YBX3,,P16989
YEATS2,,Q9ULM3
YEATS4,,O95619
YES1,,P07947
YWHAB,,P31946
YY1,,P25490
YY1AP1,,Q9H869
YY2,,O15391
ZACN,,Q401N2
ZAP70,,P43403
ZBED1,,O96006
ZBED2,,Q9BTP6
ZBED3,,Q96IU2
ZBED4,,O75132
ZBED6,,P86452
ZBTB1,,Q9Y2K1
ZBTB11,,O95625
ZBTB12,,Q9Y330
ZBTB14,,O43829
ZBTB16,,Q05516
ZBTB17,,Q13105
ZBTB18,,Q99592
ZBTB2,,Q8N680
ZBTB20,,Q9HC78
ZBTB21,,Q9ULJ3
ZBTB22,,O15209
ZBTB24,,O43167
ZBTB25,,P24278
ZBTB26,,Q9HCK0
ZBTB3,,Q9H5J0
ZBTB32,,Q9Y2Y4
ZBTB34,,Q8NCN2
ZBTB37,,Q5TC79
ZBTB38,,Q8NAP3
ZBTB39,,O15060
ZBTB4,,Q9P1Z0
ZBTB40,,Q9NUA8
ZBTB41,,Q5SVQ8
ZBTB42,,B2RXF5
ZBTB43,,O43298
ZBTB44,,Q8NCP5
ZBTB45,,Q96K62
ZBTB46,,Q86UZ6
ZBTB47,,Q9UFB7
ZBTB48,,P10074
ZBTB49,,Q6ZSB9
ZBTB6,,Q15916
ZBTB7A,,O95365
ZBTB7B,,O15156
ZBTB7C,,A1YPR0
ZBTB8A,,Q96BR9
ZBTB8B,,Q8NAP8
ZEB1,,P37275
ZEB2,,O60315
ZFAT,,Q9P243
ZFHX2,,Q9C0A1
ZFHX3,,Q15911
ZFHX4,,Q86UP3
ZFP1,,Q6P2D0
ZFP14,,Q9HCL3
ZFP2,,Q6ZN57
ZFP28,,Q8NHY6
ZFP3,,Q96NJ6
ZFP30,,Q9Y2G7
ZFP36L1,,Q07352
ZFP36L2,,P47974
ZFP37,,Q9Y6Q3
ZFP41,,Q8N8Y5
ZFP42,,Q96MM3
ZFP57,,Q9NU63
ZFP62,,Q8NB50
ZFP64,,Q9NTW7
ZFP69,,Q49AA0
ZFP69B,,Q9UJL9
ZFP82,,Q8N141
ZFP90,,Q8TF47
ZFP91,,Q96JP5
ZFP91-CNTF,,ZFP91-CNTF
ZFP92,,A6NM28
ZFPM1,,Q8IX07
ZFPM2,,Q8WW38
ZFX,,P17010
ZFY,,P08048
ZGLP1,,P0C6A0
ZHX1,,Q9UKY1
ZHX2,,Q9Y6X8
ZHX3,,Q9H4I2
ZIC1,,Q15915
ZIC2,,O95409
ZIC3,,O60481
ZIC4,,Q8N9L1
ZIC5,,Q96T25
ZIK1,,Q3SY52
ZIM2,,Q9NZV7
ZIM3,,Q96PE6
ZKSCAN1,,P17029
ZKSCAN2,,Q63HK3
ZKSCAN3,,Q9BRR0
ZKSCAN4,,Q969J2
ZKSCAN5,,Q9Y2L8
ZKSCAN7,,Q9P0L1
ZKSCAN8,,Q15776
ZMIZ1,,Q9ULJ6
ZMIZ2,,Q8NF64
ZMPSTE24,,O75844
ZMYM2,,Q9UBW7
ZMYND11,,Q15326
ZMYND8,,Q9ULU4
ZNF10,,P21506
ZNF100,,Q8IYN0
ZNF101,,Q8IZC7
ZNF107,,Q9UII5
ZNF112,,Q9UJU3
ZNF114,,Q8NC26
ZNF117,,Q03924
ZNF12,,P17014
ZNF121,,P58317
ZNF124,,Q15973
ZNF131,,P52739
ZNF132,,P52740
ZNF133,,P52736
ZNF134,,P52741
ZNF135,,P52742
ZNF136,,P52737
ZNF138,,P52744
ZNF14,,P17017
ZNF140,,P52738
ZNF141,,Q15928
ZNF142,,P52746
ZNF143,,P52747
ZNF146,,Q15072
ZNF148,,Q9UQR1
ZNF154,,Q13106
ZNF155,,Q12901
ZNF157,,P51786
ZNF16,,P17020
ZNF160,,Q9HCG1
ZNF165,,P49910
ZNF169,,Q14929
ZNF17,,P17021
ZNF174,,Q15697
ZNF175,,Q9Y473
ZNF177,,Q13360
ZNF18,,P17022
ZNF180,,Q9UJW8
ZNF181,,Q2M3W8
ZNF182,,P17025
ZNF184,,Q99676
ZNF189,,O75820
ZNF19,,P17023
ZNF195,,O14628
ZNF197,,O14709
ZNF2,,Q9BSG1
ZNF20,,P17024
ZNF200,,P98182
ZNF202,,O95125
ZNF205,,O95201
ZNF208,,O43345
ZNF211,,Q13398
ZNF212,,Q9UDV6
ZNF213,,O14771
ZNF214,,Q9UL59
ZNF215,,Q9UL58
ZNF217,,O75362
ZNF219,,Q9P2Y4
ZNF22,,P17026
ZNF221,,Q9UK13
ZNF222,,Q9UK12
ZNF223,,Q9UK11
ZNF224,,Q9NZL3
ZNF225,,Q9UK10
ZNF226,,Q9NYT6
ZNF227,,Q86WZ6
ZNF229,,Q9UJW7
ZNF23,,P17027
ZNF230,,Q9UIE0
ZNF232,,Q9UNY5
ZNF233,,A6NK53
ZNF234,,Q14588
ZNF235,,Q14590
ZNF236,,Q9UL36
ZNF239,,Q16600
ZNF24,,P17028
ZNF248,,Q8NDW4
ZNF25,,P17030
ZNF250,,P15622
ZNF251,,Q9BRH9
ZNF253,,O75346
ZNF254,,O75437
ZNF256,,Q9Y2P7
ZNF257,,Q9Y2Q1
ZNF26,,P17031
ZNF260,,Q3ZCT1
ZNF263,,O14978
ZNF264,,O43296
ZNF266,,Q14584
ZNF267,,Q14586
ZNF268,,Q14587
ZNF273,,Q14593
ZNF274,,Q96GC6
ZNF275,,Q9NSD4
ZNF276,,Q8N554
ZNF28,,P17035
ZNF281,,Q9Y2X9
ZNF282,,Q9UDV7
ZNF283,,Q8N7M2
ZNF284,,Q2VY69
ZNF285,,Q96NJ3
ZNF286A,,Q9HBT8
ZNF286B,,P0CG31
ZNF287,,Q9HBT7
ZNF292,,O60281
ZNF296,,Q8WUU4
ZNF3,,P17036
ZNF30,,P17039
ZNF300,,Q96RE9
ZNF302,,Q9NR11
ZNF304,,Q9HCX3
ZNF311,,Q5JNZ3
ZNF316,,A6NFI3
ZNF317,,Q96PQ6
ZNF319,,Q9P2F9
ZNF32,,P17041
ZNF320,,A2RRD8
ZNF322,,Q6U7Q0
ZNF324,,O75467
ZNF324B,,Q6AW86
ZNF329,,Q86UD4
ZNF331,,Q9NQX6
ZNF333,,Q96JL9
ZNF334,,Q9HCZ1
ZNF335,,Q9H4Z2
ZNF337,,Q9Y3M9
ZNF33A,,Q06730
ZNF33B,,Q06732
ZNF34,,Q8IZ26
ZNF341,,Q9BYN7
ZNF343,,Q6P1L6
ZNF345,,Q14585
ZNF347,,Q96SE7
ZNF35,,P13682
ZNF350,,Q9GZX5
ZNF354A,,O60765
ZNF354B,,Q96LW1
ZNF354C,,Q86Y25
ZNF358,,Q9NW07
ZNF362,,Q5T0B9
ZNF366,,Q8N895
ZNF367,,Q7RTV3
ZNF37A,,P17032
ZNF382,,Q96SR6
ZNF383,,Q8NA42
ZNF384,,Q8TF68
ZNF391,,Q9UJN7
ZNF394,,Q53GI3
ZNF396,,Q96N95
ZNF397,,Q8NF99
ZNF398,,Q8TD17
ZNF404,,Q494X3
ZNF407,,Q9C0G0
ZNF408,,Q9H9D4
ZNF41,,P51814
ZNF410,,Q86VK4
ZNF415,,Q09FC8
ZNF416,,Q9BWM5
ZNF417,,Q8TAU3
ZNF418,,Q8TF45
ZNF419,,Q96HQ0
ZNF420,,Q8TAQ5
ZNF423,,Q2M1K9
ZNF425,,Q6IV72
ZNF426,,Q9BUY5
ZNF429,,Q86V71
ZNF43,,P17038
ZNF430,,Q9H8G1
ZNF431,,Q8TF32
ZNF432,,O94892
ZNF433,,Q8N7K0
ZNF436,,Q9C0F3
ZNF439,,Q8NDP4
ZNF44,,P15621
ZNF440,,Q8IYI8
ZNF441,,Q8N8Z8
ZNF442,,Q9H7R0
ZNF443,,Q9Y2A4
ZNF444,,Q8N0Y2
ZNF445,,P59923
ZNF446,,Q9NWS9
ZNF449,,Q6P9G9
ZNF45,,Q02386
ZNF454,,Q8N9F8
ZNF460,,Q14592
ZNF461,,Q8TAF7
ZNF467,,Q7Z7K2
ZNF468,,Q5VIY5
ZNF469,,Q96JG9
ZNF470,,Q6ECI4
ZNF471,,Q9BX82
ZNF473,,Q8WTR7
ZNF474,,Q6S9Z5
ZNF479,,Q96JC4
ZNF48,,Q96MX3
ZNF480,,Q8WV37
ZNF483,,Q8TF39
ZNF484,,Q5JVG2
ZNF485,,Q8NCK3
ZNF486,,Q96H40
ZNF487,,B1APH4
ZNF488,,Q96MN9
ZNF490,,Q9ULM2
ZNF491,,Q8N8L2
ZNF492,,Q9P255
ZNF493,,Q6ZR52
ZNF496,,Q96IT1
ZNF497,,Q6ZNH5
ZNF500,,O60304
ZNF501,,Q96CX3
ZNF502,,Q8TBZ5
ZNF506,,Q5JVG8
ZNF507,,Q8TCN5
ZNF510,,Q9Y2H8
ZNF512,,Q96ME7
ZNF512B,,Q96KM6
ZNF513,,Q8N8E2
ZNF514,,Q96K75
ZNF516,,Q92618
ZNF517,,Q6ZMY9
ZNF519,,Q8TB69
ZNF521,,Q96K83
ZNF524,,Q96C55
ZNF525,,Q8N782
ZNF526,,Q8TF50
ZNF527,,Q8NB42
ZNF528,,Q3MIS6
ZNF529,,Q6P280
ZNF530,,Q6P9A1
ZNF532,,Q9HCE3
ZNF536,,O15090
ZNF540,,Q8NDQ6
ZNF541,,Q9H0D2
ZNF543,,Q08ER8
ZNF544,,Q6NX49
ZNF546,,Q86UE3
ZNF547,,Q8IVP9
ZNF548,,Q8NEK5
ZNF549,,Q6P9A3
ZNF550,,Q7Z398
ZNF551,,Q7Z340
ZNF552,,Q9H707
ZNF554,,Q86TJ5
ZNF555,,Q8NEP9
ZNF556,,Q9HAH1
ZNF557,,Q8N988
ZNF558,,Q96NG5
ZNF559,,Q9BR84
ZNF560,,Q96MR9
ZNF561,,Q8N587
ZNF562,,Q6V9R5
ZNF563,,Q8TA94
ZNF564,,Q8TBZ8
ZNF565,,Q8N9K5
ZNF566,,Q969W8
ZNF567,,Q8N184
ZNF568,,Q3ZCX4
ZNF569,,Q5MCW4
ZNF57,,Q68EA5
ZNF570,,Q96NI8
ZNF571,,Q7Z3V5
ZNF572,,Q7Z3I7
ZNF573,,Q86YE8
ZNF574,,Q6ZN55
ZNF575,,Q86XF7
ZNF576,,Q9H609
ZNF577,,Q9BSK1
ZNF578,,Q96N58
ZNF579,,Q8NAF0
ZNF580,,Q9UK33
ZNF581,,Q9P0T4
ZNF582,,Q96NG8
ZNF583,,Q96ND8
ZNF584,,Q8IVC4
ZNF585A,,Q6P3V2
ZNF585B,,Q52M93
ZNF586,,Q9NXT0
ZNF587,,Q96SQ5
ZNF587B,,E7ETH6
ZNF589,,Q86UQ0
ZNF592,,Q92610
ZNF593,,O00488
ZNF594,,Q96JF6
ZNF595,,Q8IYB9
ZNF596,,Q8TC21
ZNF597,,Q96LX8
ZNF599,,Q96NL3
ZNF600,,Q6ZNG1
ZNF605,,Q86T29
ZNF606,,Q8WXB4
ZNF607,,Q96SK3
ZNF610,,Q8N9Z0
ZNF611,,Q8N823
ZNF613,,Q6PF04
ZNF614,,Q8N883
ZNF615,,Q8N8J6
ZNF616,,Q08AN1
ZNF618,,Q5T7W0
ZNF619,,Q8N2I2
ZNF620,,Q6ZNG0
ZNF621,,Q6ZSS3
ZNF623,,O75123
ZNF624,,Q9P2J8
ZNF625,,Q96I27
ZNF626,,Q68DY1
ZNF627,,Q7L945
ZNF628,,Q5EBL2
ZNF629,,Q9UEG4
ZNF630,,Q2M218
ZNF639,,Q9UID6
ZNF641,,Q96N77
ZNF644,,Q9H582
ZNF646,,O15015
ZNF648,,Q5T619
ZNF649,,Q9BS31
ZNF652,,Q9Y2D9
ZNF653,,Q96CK0
ZNF654,,Q8IZM8
ZNF655,,Q8N720
ZNF658,,Q5TYW1
ZNF66,,Q6ZN08
ZNF660,,Q6AZW8
ZNF662,,Q6ZS27
ZNF664,,Q8N3J9
ZNF665,,Q9H7R5
ZNF667,,Q5HYK9
ZNF668,,Q96K58
ZNF669,,Q96BR6
ZNF670,,Q9BS34
ZNF671,,Q8TAW3
ZNF672,,Q499Z4
ZNF674,,Q2M3X9
ZNF675,,Q8TD23
ZNF676,,Q8N7Q3
ZNF677,,Q86XU0
ZNF678,,Q5SXM1
ZNF679,,Q8IYX0
ZNF680,,Q8NEM1
ZNF681,,Q96N22
ZNF682,,O95780
ZNF683,,Q8IZ20
ZNF684,,Q5T5D7
ZNF687,,Q8N1G0
ZNF688,,P0C7X2
ZNF689,,Q96CS4
ZNF69,,Q9UC07
ZNF691,,Q5VV52
ZNF692,,Q9BU19
ZNF695,,Q8IW36
ZNF696,,Q9H7X3
ZNF697,,Q5TEC3
ZNF699,,Q32M78
ZNF7,,P17097
ZNF70,,Q9UC06
ZNF700,,Q9H0M5
ZNF701,,Q9NV72
ZNF705A,,Q6ZN79
ZNF705B,,P0CI00
ZNF705D,,P0CH99
ZNF705G,,A8MUZ8
ZNF707,,Q96C28
ZNF708,,P17019
ZNF709,,Q8N972
ZNF71,,Q9NQZ8
ZNF710,,Q8N1W2
ZNF711,,Q9Y462
ZNF713,,Q8N859
ZNF714,,Q96N38
ZNF716,,A6NP11
ZNF717,,Q9BY31
ZNF720,,Q7Z2F6
ZNF721,,Q8TF20
ZNF724,,A8MTY0
ZNF726,,A6NNF4
ZNF727,,A8MUV8
ZNF728,,P0DKX0
ZNF729,,A6NN14
ZNF730,,Q6ZMV8
ZNF732,,B4DXR9
ZNF736,,B4DX44
ZNF737,,O75373
ZNF74,,Q16587
ZNF740,,Q8NDX6
ZNF746,,Q6NUN9
ZNF747,,Q9BV97
ZNF749,,O43361
ZNF75A,,Q96N20
ZNF75D,,P51815
ZNF76,,P36508
ZNF763,,Q0D2J5
ZNF764,,Q96H86
ZNF765,,Q7L2R6
ZNF766,,Q5HY98
ZNF768,,Q9H5H4
ZNF77,,Q15935
ZNF770,,Q6IQ21
ZNF771,,Q7L3S4
ZNF772,,Q68DY9
ZNF773,,Q6PK81
ZNF774,,Q6NX45
ZNF775,,Q96BV0
ZNF776,,Q68DI1
ZNF777,,Q9ULD5
ZNF778,,Q96MU6
ZNF780A,,O75290
ZNF780B,,Q9Y6R6
ZNF781,,Q8N8C0
ZNF782,,Q6ZMW2
ZNF783,,Q6ZMS7
ZNF784,,Q8NCA9
ZNF785,,A8K8V0
ZNF786,,Q8N393
ZNF787,,Q6DD87
ZNF789,,Q5FWF6
ZNF79,,Q15937
ZNF790,,Q6PG37
ZNF791,,Q3KP31
ZNF792,,Q3KQV3
ZNF793,,Q6ZN11
ZNF799,,Q96GE5
ZNF8,,P17098
ZNF80,,P51504
ZNF800,,Q2TB10
ZNF805,,Q5CZA5
ZNF808,,Q8N4W9
ZNF81,,P51508
ZNF812P,,ZNF812P
ZNF813,,Q6ZN06
ZNF814,,B7Z6K7
ZNF816,,Q0VGE8
ZNF823,,P16415
ZNF827,,Q17R98
ZNF829,,Q3KNS6
ZNF83,,P51522
ZNF831,,Q5JPB2
ZNF835,,Q9Y2P0
ZNF836,,Q6ZNA1
ZNF837,,Q96EG3
ZNF84,,P51523
ZNF841,,Q6ZN19
ZNF844,,Q08AG5
ZNF845,,Q96IR2
ZNF846,,Q147U1
ZNF85,,Q03923
ZNF850,,A8MQ14
ZNF852,,Q6ZMS4
ZNF853,,P0CG23
ZNF860,,A6NHJ4
ZNF865,,P0CJ78
ZNF878,,C9JN71
ZNF879,,B4DU55
ZNF880,,Q6PDB4
ZNF891,,A8MT65
ZNF90,,Q03938
ZNF91,,Q05481
ZNF92,,Q03936
ZNF93,,P35789
ZNF98,,A6NK75
ZNF99,,A8MXY4
ZSCAN1,,Q8NBB4
ZSCAN10,,Q96SZ4
ZSCAN12,,O43309
ZSCAN16,,Q9H4T2
ZSCAN18,,Q8TBC5
ZSCAN2,,Q7Z7L9
ZSCAN20,,P17040
ZSCAN21,,Q9Y5A6
ZSCAN22,,P10073
ZSCAN23,,Q3MJ62
ZSCAN25,,Q6NSZ9
ZSCAN26,,Q16670
ZSCAN29,,Q8IWY8
ZSCAN30,,Q86W11
ZSCAN31,,Q96LW9
ZSCAN32,,Q9NX65
ZSCAN4,,Q8NAM6
ZSCAN5A,,Q9BUG6
ZSCAN5B,,A6NJL1
ZSCAN5DP,,P0CG00
ZSCAN9,,O15535
ZXDA,,P98168
ZXDB,,P98169
ZXDC,,Q2QGD7
ZZZ3,,Q8IYH5
