,drug,class
0,pubchem.compound:16043,[]
1,pubchem.compound:10205,[]
2,pubchem.compound:5646,[]
3,pubchem.compound:5281035,[]
4,pubchem.compound:4784,[]
5,pubchem.compound:119032,[]
6,pubchem.compound:3994,[]
7,pubchem.compound:6912226,[]
8,pubchem.compound:3652,[]
9,pubchem.compound:5280953,[]
10,pubchem.compound:3463933,[]
11,pubchem.compound:442009,[]
12,pubchem.compound:15604015,[2]
13,pubchem.compound:5684,[8]
14,pubchem.compound:9811606,[]
15,pubchem.compound:445713,[11]
16,pubchem.compound:4624,[]
17,pubchem.compound:2107,[]
18,pubchem.compound:1242,[13]
19,pubchem.compound:180081,[8]
20,pubchem.compound:1219,[]
21,pubchem.compound:119192,[13]
22,pubchem.compound:446313,[11]
23,pubchem.compound:9881989,[]
24,pubchem.compound:4641,[15]
25,pubchem.compound:6422124,[]
26,pubchem.compound:2088,[15]
27,pubchem.compound:4452,[]
28,pubchem.compound:4581,[13]
29,None,[]
30,pubchem.compound:11957499,[]
31,pubchem.compound:31373,[]
32,pubchem.compound:68570,[8]
33,pubchem.compound:20393,[]
34,pubchem.compound:5281576,[]
35,pubchem.compound:31553,[13]
36,pubchem.compound:4115,[]
37,pubchem.compound:6623,[]
38,pubchem.compound:3032732,[]
39,pubchem.compound:299,[]
40,pubchem.compound:135423666,[]
41,pubchem.compound:4906,[]
42,pubchem.compound:1201549,[8]
43,pubchem.compound:4488,[15]
44,pubchem.compound:24288,[]
45,pubchem.compound:5240,[]
46,pubchem.compound:132971,[2]
47,pubchem.compound:11395181,[]
48,pubchem.compound:6540,[]
49,pubchem.compound:25195354,[]
50,pubchem.compound:5353609,[]
51,pubchem.compound:38409,[11]
52,pubchem.compound:442424,[]
53,pubchem.compound:6675804,[2]
54,pubchem.compound:454217,[]
55,pubchem.compound:49850262,[]
56,pubchem.compound:123692,[]
57,pubchem.compound:10237,[]
58,pubchem.compound:71158,[8]
59,pubchem.compound:3025961,[]
60,pubchem.compound:74603,[2]
61,pubchem.compound:10398360,[]
62,pubchem.compound:57369841,[]
63,pubchem.compound:5283454,[]
64,pubchem.compound:44607360,[2]
65,pubchem.compound:210332,[]
66,pubchem.compound:11296583,[]
67,pubchem.compound:9549213,[2]
68,pubchem.compound:137319711,[]
69,pubchem.compound:2930014,[]
70,pubchem.compound:13889849,[]
71,pubchem.compound:146898,[]
72,pubchem.compound:227037,[]
73,pubchem.compound:46233311,[]
74,pubchem.compound:6438381,[]
75,pubchem.compound:155903758,[]
76,pubchem.compound:3896,[]
77,pubchem.compound:667550,[]
78,pubchem.compound:3542,[]
79,pubchem.compound:3213,[]
80,pubchem.compound:1697,[2]
81,pubchem.compound:132266,[]
82,pubchem.compound:92877,[]
83,pubchem.compound:101989,[]
84,pubchem.compound:9903,[2]
85,pubchem.compound:5382,[]
86,pubchem.compound:10133,[13]
87,pubchem.compound:69670465,[]
88,pubchem.compound:2747117,[]
89,pubchem.compound:135398687,[]
90,pubchem.compound:12313658,[]
91,pubchem.compound:2531,[8]
92,pubchem.compound:16126782,[]
93,pubchem.compound:57340680,[]
94,pubchem.compound:644076,[]
95,pubchem.compound:5287855,[]
96,pubchem.compound:16129706,[]
97,pubchem.compound:9910224,[2]
98,pubchem.compound:23696523,[]
99,pubchem.compound:10367662,[]
100,pubchem.compound:24995524,[2]
101,pubchem.compound:3549,[]
102,pubchem.compound:119565,[]
103,pubchem.compound:421610,[]
104,pubchem.compound:6918328,[2]
105,pubchem.compound:4996,[2]
106,pubchem.compound:16129666,[]
107,pubchem.compound:3645619,[]
108,pubchem.compound:17534,[]
109,pubchem.compound:10429242,[]
110,pubchem.compound:9804992,[]
111,pubchem.compound:6436219,[9]
112,pubchem.compound:201990,[]
113,pubchem.compound:107778,[]
114,pubchem.compound:40839,[2]
115,pubchem.compound:2999413,[]
116,pubchem.compound:4296,[]
117,pubchem.compound:2083,[12]
118,pubchem.compound:64143,[]
119,pubchem.compound:2577,[2]
120,pubchem.compound:107867,[11]
121,pubchem.compound:604519,[]
122,pubchem.compound:5360697,[]
123,pubchem.compound:439533,[]
124,pubchem.compound:58258,[]
125,pubchem.compound:5105,[]
126,pubchem.compound:119828,[]
127,pubchem.compound:5281901,[]
128,pubchem.compound:3616,[]
129,pubchem.compound:3947,[8]
130,pubchem.compound:5280804,[13]
131,pubchem.compound:126280,[]
132,pubchem.compound:9846332,[]
133,pubchem.compound:92337,[]
134,pubchem.compound:13505,[]
135,pubchem.compound:6597,[]
136,pubchem.compound:16960,[12]
137,pubchem.compound:6234,[8]
138,pubchem.compound:656668,[]
139,pubchem.compound:2099,[13]
140,pubchem.compound:101498,[2]
141,pubchem.compound:854019,[]
142,pubchem.compound:65373,[]
143,pubchem.compound:10631,[2]
144,pubchem.compound:5311128,[2]
145,pubchem.compound:20469,[12]
146,pubchem.compound:1797,[]
147,pubchem.compound:5719375,[]
148,pubchem.compound:44483163,[]
149,pubchem.compound:66890843,[]
150,pubchem.compound:135398517,[]
151,pubchem.compound:24775005,[2]
152,pubchem.compound:25021165,[]
153,pubchem.compound:135403620,[]
154,pubchem.compound:253078,[]
155,pubchem.compound:11296282,[11]
156,pubchem.compound:9927531,[]
157,pubchem.compound:182593,[]
158,pubchem.compound:52947716,[]
159,pubchem.compound:27924,[2]
160,pubchem.compound:16760588,[]
161,pubchem.compound:11657687,[]
162,pubchem.compound:25195348,[]
163,pubchem.compound:10370504,[]
164,pubchem.compound:9576787,[]
165,pubchem.compound:16725315,[]
166,pubchem.compound:9886086,[]
167,pubchem.compound:26596,[]
168,pubchem.compound:67535,[]
169,pubchem.compound:4858,[]
170,pubchem.compound:25154868,[]
171,pubchem.compound:72376,[2]
172,pubchem.compound:4139,[]
173,pubchem.compound:5132514,[]
174,pubchem.compound:16736978,[]
175,pubchem.compound:11964036,[]
176,pubchem.compound:6918540,[]
177,pubchem.compound:442042,[]
178,pubchem.compound:24951314,[]
179,pubchem.compound:442088,[]
180,pubchem.compound:3129,[]
181,pubchem.compound:10687292,[]
182,pubchem.compound:5311218,[]
183,pubchem.compound:24785538,[]
184,pubchem.compound:9840076,[2]
185,pubchem.compound:3035714,[2]
186,pubchem.compound:1889993,[]
187,pubchem.compound:1714884,[]
188,pubchem.compound:10322450,[]
189,pubchem.compound:135411,[]
190,pubchem.compound:4788,[]
191,pubchem.compound:135418940,[]
192,pubchem.compound:981054,[]
193,pubchem.compound:6604934,[]
194,pubchem.compound:21100,[]
195,pubchem.compound:114829,[]
196,pubchem.compound:667530,[]
197,pubchem.compound:6708643,[]
198,pubchem.compound:25183872,[2]
199,pubchem.compound:5311365,[]
200,pubchem.compound:3086618,[]
201,pubchem.compound:108182,[]
202,pubchem.compound:3797,[]
203,pubchem.compound:6604933,[]
204,pubchem.compound:3906894,[]
205,pubchem.compound:5537,[]
206,pubchem.compound:181380,[]
207,pubchem.compound:68870,[8]
208,pubchem.compound:1048845,[]
209,pubchem.compound:9885087,[]
210,pubchem.compound:1474853,[]
211,pubchem.compound:5269,[]
212,pubchem.compound:5268,[]
213,pubchem.compound:6437074,[]
214,pubchem.compound:1243,[]
215,pubchem.compound:14973220,[]
216,pubchem.compound:4336830,[]
217,pubchem.compound:3248571,[]
218,pubchem.compound:5163,[]
219,pubchem.compound:3272300,[]
220,pubchem.compound:131906,[8]
221,pubchem.compound:824226,[]
222,pubchem.compound:6604887,[]
223,pubchem.compound:5281743,[]
224,pubchem.compound:5053,[]
225,pubchem.compound:108094,[]
226,pubchem.compound:3034004,[]
227,pubchem.compound:9908992,[]
228,pubchem.compound:10000456,[]
229,pubchem.compound:6603129,[]
230,pubchem.compound:7028,[]
231,pubchem.compound:3012,[]
232,pubchem.compound:448991,[13]
233,pubchem.compound:456214,[]
234,pubchem.compound:4970,[]
235,pubchem.compound:68802,[]
236,pubchem.compound:5478883,[]
237,pubchem.compound:105008,[]
238,pubchem.compound:11689583,[]
239,pubchem.compound:5311479,[]
240,pubchem.compound:5281718,[]
241,pubchem.compound:135403792,[]
242,pubchem.compound:5866327,[]
243,pubchem.compound:4707,[]
244,pubchem.compound:4631,[11]
245,pubchem.compound:4630,[]
246,pubchem.compound:442428,[]
247,pubchem.compound:5013,[]
248,pubchem.compound:108047,[]
249,pubchem.compound:107992,[]
250,pubchem.compound:71781,[8]
251,pubchem.compound:6610310,[]
252,pubchem.compound:5311097,[]
253,pubchem.compound:73157,[]
254,pubchem.compound:5280450,[]
255,pubchem.compound:461776,[]
256,pubchem.compound:6917970,[]
257,pubchem.compound:133008,[]
258,pubchem.compound:5311203,[]
259,pubchem.compound:5311276,[13]
260,pubchem.compound:11317348,[]
261,pubchem.compound:56971,[8]
262,pubchem.compound:5484725,[]
263,pubchem.compound:3683,[]
264,pubchem.compound:441860,[]
265,pubchem.compound:5744,[]
266,pubchem.compound:124846,[]
267,pubchem.compound:3610,[]
268,pubchem.compound:3035026,[]
269,pubchem.compound:5390854,[]
270,pubchem.compound:4302960,[]
271,pubchem.compound:9826034,[13]
272,pubchem.compound:91488,[]
273,pubchem.compound:3995234,[]
274,pubchem.compound:132496,[]
275,pubchem.compound:3306,[11]
276,pubchem.compound:57267,[]
277,pubchem.compound:60703,[8]
278,pubchem.compound:3289,[]
279,pubchem.compound:3105,[9]
280,pubchem.compound:6127,[]
281,pubchem.compound:4369270,[]
282,pubchem.compound:21678144,[11]
283,pubchem.compound:6708636,[]
284,pubchem.compound:5280581,[13]
285,pubchem.compound:6918409,[]
286,pubchem.compound:2780,[]
287,pubchem.compound:2755,[]
288,pubchem.compound:155346,[]
289,pubchem.compound:6917803,[]
290,pubchem.compound:11382492,[]
291,pubchem.compound:9600409,[]
292,pubchem.compound:2690,[]
293,pubchem.compound:197584,[]
294,pubchem.compound:6610318,[12]
295,pubchem.compound:6603740,[]
296,pubchem.compound:5310988,[]
297,pubchem.compound:127861,[]
298,pubchem.compound:122272,[11]
299,pubchem.compound:17756796,[]
300,pubchem.compound:65854,[]
301,pubchem.compound:104845,[]
302,pubchem.compound:6610326,[]
303,pubchem.compound:2253,[]
304,pubchem.compound:4302962,[]
305,pubchem.compound:5328768,[]
306,pubchem.compound:5328772,[]
307,pubchem.compound:10251,[]
308,pubchem.compound:5083,[]
309,pubchem.compound:11524144,[]
310,pubchem.compound:6420094,[]
311,pubchem.compound:5284613,[]
312,pubchem.compound:1103147,[]
313,pubchem.compound:656732,[]
314,pubchem.compound:91588,[]
315,pubchem.compound:5265,[]
316,pubchem.compound:104955,[11]
317,pubchem.compound:5311432,[]
318,pubchem.compound:3387354,[]
319,pubchem.compound:3292447,[]
320,pubchem.compound:108029,[]
321,pubchem.compound:5145950,[]
322,pubchem.compound:5312145,[]
323,pubchem.compound:5281691,[]
324,pubchem.compound:4883,[11]
325,pubchem.compound:327653,[]
326,pubchem.compound:24868311,[]
327,pubchem.compound:4910,[]
328,pubchem.compound:656804,[]
329,pubchem.compound:5834,[]
330,pubchem.compound:4847,[]
331,pubchem.compound:4830,[8]
332,pubchem.compound:379077,[]
333,pubchem.compound:4552,[12]
334,pubchem.compound:3272524,[8]
335,pubchem.compound:4519822,[]
336,pubchem.compound:4031,[13]
337,pubchem.compound:54682505,[8]
338,pubchem.compound:9829836,[]
339,pubchem.compound:9961192,[]
340,pubchem.compound:3707,[]
341,pubchem.compound:9989505,[]
342,pubchem.compound:161930,[]
343,pubchem.compound:54677972,[15]
344,pubchem.compound:230748,[]
345,pubchem.compound:5318997,[]
346,pubchem.compound:3392731,[]
347,pubchem.compound:9893571,[13]
348,pubchem.compound:447905,[8]
349,pubchem.compound:6518171,[]
350,pubchem.compound:119376,[]
351,pubchem.compound:348482,[]
352,pubchem.compound:3335,[15]
353,pubchem.compound:134551,[]
354,pubchem.compound:12961638,[]
355,pubchem.compound:71277,[]
356,pubchem.compound:107905,[]
357,pubchem.compound:10131112,[]
358,pubchem.compound:3087190,[11]
359,pubchem.compound:2990,[]
360,pubchem.compound:3162,[]
361,pubchem.compound:12004512,[]
362,pubchem.compound:10071166,[]
363,pubchem.compound:5745,[2]
364,pubchem.compound:9324,[]
365,pubchem.compound:6834,[12]
366,pubchem.compound:443967,[]
367,pubchem.compound:2286,[]
368,pubchem.compound:5327723,[]
369,pubchem.compound:15443,[]
370,pubchem.compound:119034,[]
371,pubchem.compound:22565,[]
372,pubchem.compound:68186,[]
373,pubchem.compound:680502,[]
374,pubchem.compound:5311000,[]
375,pubchem.compound:2064,[]
376,pubchem.compound:1464,[2]
377,pubchem.compound:5281804,[]
378,pubchem.compound:5328769,[]
379,pubchem.compound:9844109,[]
380,pubchem.compound:1853,[]
381,pubchem.compound:3941250,[]
382,pubchem.compound:5662,[]
383,pubchem.compound:3540,[]
384,pubchem.compound:4214594,[]
385,pubchem.compound:419676,[]
386,pubchem.compound:13472,[]
387,pubchem.compound:9547215,[]
388,pubchem.compound:134820163,[]
389,pubchem.compound:91769,[]
390,pubchem.compound:16759369,[]
391,pubchem.compound:5707,[]
392,pubchem.compound:5694,[12]
393,pubchem.compound:9830392,[]
394,pubchem.compound:11494970,[]
395,pubchem.compound:50287,[]
396,pubchem.compound:5587,[4]
397,pubchem.compound:71433791,[]
398,pubchem.compound:9823180,[]
399,pubchem.compound:442872,[]
400,pubchem.compound:5152,[12]
401,pubchem.compound:5941539,[]
402,pubchem.compound:9872438,[12]
403,pubchem.compound:195164,[]
404,pubchem.compound:5311452,[]
405,pubchem.compound:164305,[11]
406,pubchem.compound:10668061,[]
407,pubchem.compound:2807869,[]
408,pubchem.compound:4306515,[]
409,pubchem.compound:4210951,[]
410,pubchem.compound:667594,[]
411,pubchem.compound:6604926,[]
412,pubchem.compound:443389,[]
413,pubchem.compound:126769,[]
414,pubchem.compound:39912,[15]
415,pubchem.compound:60511,[]
416,pubchem.compound:135410906,[4]
417,pubchem.compound:3567002,[]
418,pubchem.compound:5926218,[]
419,pubchem.compound:19423848,[]
420,pubchem.compound:6421522,[]
421,pubchem.compound:9929138,[]
422,pubchem.compound:9549305,[]
423,pubchem.compound:11243536,[8]
424,pubchem.compound:5917,[]
425,pubchem.compound:43345,[11]
426,pubchem.compound:10494,[]
427,pubchem.compound:9918,[]
428,pubchem.compound:262093,[]
429,pubchem.compound:19103,[]
430,pubchem.compound:107838,[]
431,pubchem.compound:9803475,[]
432,pubchem.compound:22084904,[]
433,pubchem.compound:448222,[]
434,pubchem.compound:176157,[8]
435,pubchem.compound:45073445,[]
436,pubchem.compound:5614,[]
437,pubchem.compound:4262,[]
438,pubchem.compound:393595,[]
439,pubchem.compound:5377914,[]
440,pubchem.compound:5353760,[]
441,pubchem.compound:3034012,[8]
442,pubchem.compound:57242,[16]
443,pubchem.compound:447966,[]
444,pubchem.compound:9819927,[]
445,pubchem.compound:11507802,[]
446,pubchem.compound:5280934,[]
447,pubchem.compound:4350931,[8]
448,pubchem.compound:10410894,[]
449,pubchem.compound:5311374,[]
450,pubchem.compound:9872740,[]
451,pubchem.compound:4273754,[]
452,pubchem.compound:3035842,[]
453,pubchem.compound:3082718,[]
454,pubchem.compound:2736690,[]
455,pubchem.compound:3611,[]
456,pubchem.compound:5281542,[]
457,pubchem.compound:5281680,[]
458,pubchem.compound:446738,[]
459,pubchem.compound:9911463,[]
460,pubchem.compound:173615,[]
461,pubchem.compound:60785,[8]
462,pubchem.compound:5311100,[]
463,pubchem.compound:49381,[]
464,pubchem.compound:5036604,[]
465,pubchem.compound:73453,[]
466,pubchem.compound:3206,[]
467,pubchem.compound:3177,[]
468,pubchem.compound:443375,[13]
469,pubchem.compound:2984,[8]
470,pubchem.compound:3038495,[8]
471,pubchem.compound:4277,[]
472,pubchem.compound:107935,[2]
473,pubchem.compound:16759155,[]
474,pubchem.compound:5475158,[]
475,pubchem.compound:6278000,[]
476,pubchem.compound:2777,[]
477,pubchem.compound:9915956,[8]
478,pubchem.compound:5024764,[]
479,pubchem.compound:2685,[]
480,pubchem.compound:5311242,[]
481,pubchem.compound:10154,[]
482,pubchem.compound:9841972,[]
483,pubchem.compound:2419,[]
484,pubchem.compound:10479060,[]
485,pubchem.compound:2126,[]
486,pubchem.compound:4302963,[]
487,pubchem.compound:3678,[]
488,pubchem.compound:5328770,[]
489,pubchem.compound:5351362,[2]
490,pubchem.compound:3330,[]
491,pubchem.compound:1354,[]
492,pubchem.compound:2837530,[]
493,pubchem.compound:3035746,[]
494,pubchem.compound:4668801,[2]
495,pubchem.compound:7333,[]
496,pubchem.compound:445580,[]
497,pubchem.compound:2775510,[]
498,pubchem.compound:5281707,[]
499,pubchem.compound:65637,[11]
500,pubchem.compound:5329006,[]
501,pubchem.compound:176407,[]
502,pubchem.compound:122623,[]
503,pubchem.compound:5712,[]
504,pubchem.compound:124887,[]
505,pubchem.compound:4299,[]
506,pubchem.compound:6280,[]
507,pubchem.compound:6420161,[]
508,pubchem.compound:5311493,[]
509,pubchem.compound:5626,[]
510,pubchem.compound:5387,[12]
511,pubchem.compound:667601,[]
512,pubchem.compound:68077,[]
513,pubchem.compound:447912,[]
514,pubchem.compound:5368,[]
515,pubchem.compound:2777391,[]
516,pubchem.compound:122150,[]
517,pubchem.compound:6450842,[]
518,pubchem.compound:3467590,[]
519,pubchem.compound:5311451,[]
520,pubchem.compound:5270,[]
521,pubchem.compound:6917797,[]
522,pubchem.compound:6736,[]
523,pubchem.compound:5218788,[]
524,pubchem.compound:5191,[]
525,pubchem.compound:5018,[]
526,pubchem.compound:5174,[]
527,pubchem.compound:5175,[]
528,pubchem.compound:4521392,[12]
529,pubchem.compound:4331799,[]
530,pubchem.compound:6604858,[]
531,pubchem.compound:127382,[]
532,pubchem.compound:5081,[]
533,pubchem.compound:16759175,[]
534,pubchem.compound:133076,[]
535,pubchem.compound:183782,[]
536,pubchem.compound:6604789,[]
537,pubchem.compound:3693566,[]
538,pubchem.compound:5063,[]
539,pubchem.compound:9884487,[]
540,pubchem.compound:4916,[12]
541,pubchem.compound:4878,[]
542,pubchem.compound:27559,[]
543,pubchem.compound:9956637,[]
544,pubchem.compound:9820766,[]
545,pubchem.compound:4995951,[]
546,pubchem.compound:129348,[12]
547,pubchem.compound:91668,[2]
548,pubchem.compound:4567,[]
549,pubchem.compound:4515,[8]
550,pubchem.compound:5875451,[]
551,pubchem.compound:4431,[]
552,pubchem.compound:135409468,[8]
553,pubchem.compound:1348,[]
554,pubchem.compound:4216,[]
555,pubchem.compound:11683,[]
556,pubchem.compound:4044,[16]
557,pubchem.compound:72430,[8]
558,pubchem.compound:182585,[]
559,pubchem.compound:671690,[]
560,pubchem.compound:2802894,[]
561,pubchem.compound:4355450,[]
562,pubchem.compound:54676905,[]
563,pubchem.compound:3894,[]
564,pubchem.compound:5311200,[8]
565,pubchem.compound:133633,[]
566,pubchem.compound:54687453,[]
567,pubchem.compound:132059,[8]
568,pubchem.compound:71296988,[]
569,pubchem.compound:6603901,[]
570,pubchem.compound:3820,[]
571,pubchem.compound:9823846,[]
572,pubchem.compound:3803,[]
573,pubchem.compound:3799,[]
574,pubchem.compound:69831604,[]
575,pubchem.compound:6453092,[]
576,pubchem.compound:5701996,[]
577,pubchem.compound:10212,[]
578,pubchem.compound:3544,[]
579,pubchem.compound:6450546,[]
580,pubchem.compound:3447,[13]
581,pubchem.compound:3538,[8]
582,pubchem.compound:644213,[]
583,pubchem.compound:9943465,[]
584,pubchem.compound:9934458,[]
585,pubchem.compound:3385203,[]
586,pubchem.compound:9884817,[13]
587,pubchem.compound:128018,[]
588,pubchem.compound:9953599,[8]
589,pubchem.compound:3456,[]
590,pubchem.compound:3423,[]
591,pubchem.compound:440735,[]
592,pubchem.compound:9801969,[]
593,pubchem.compound:9892554,[]
594,pubchem.compound:6166,[]
595,pubchem.compound:4284,[]
596,pubchem.compound:656765,[]
597,pubchem.compound:3921152,[]
598,pubchem.compound:54682463,[]
599,pubchem.compound:2753,[]
600,pubchem.compound:57364,[11]
601,pubchem.compound:58144,[]
602,pubchem.compound:4029677,[]
603,pubchem.compound:6711154,[]
604,pubchem.compound:2688,[]
605,pubchem.compound:3519541,[]
606,pubchem.compound:9817923,[]
607,pubchem.compound:16363,[8]
608,pubchem.compound:2438,[]
609,pubchem.compound:3654103,[]
610,pubchem.compound:134117,[]
611,pubchem.compound:10474339,[]
612,pubchem.compound:9903757,[]
613,pubchem.compound:5374,[]
614,pubchem.compound:6449767,[]
615,pubchem.compound:64981,[]
616,pubchem.compound:126688,[]
617,pubchem.compound:6604931,[]
618,pubchem.compound:135665263,[]
619,pubchem.compound:1550607,[]
620,pubchem.compound:65399,[2]
621,pubchem.compound:133104,[]
622,pubchem.compound:2125,[]
623,pubchem.compound:5328779,[2]
624,pubchem.compound:6091659,[]
625,pubchem.compound:2052,[]
626,pubchem.compound:54562,[]
627,pubchem.compound:9549298,[]
628,pubchem.compound:481747,[]
629,pubchem.compound:5281321,[]
630,pubchem.compound:11313361,[]
631,pubchem.compound:9799508,[]
632,pubchem.compound:62034,[]
633,pubchem.compound:6000,[]
634,pubchem.compound:3000667,[]
635,pubchem.compound:65351,[]
636,pubchem.compound:123662,[]
637,pubchem.compound:5330535,[]
638,pubchem.compound:1456,[]
639,pubchem.compound:84008,[]
640,pubchem.compound:3101,[]
641,pubchem.compound:102614,[]
642,pubchem.compound:9926048,[]
643,pubchem.compound:7239,[]
644,pubchem.compound:689043,[11]
645,pubchem.compound:14840979,[]
646,pubchem.compound:2229,[]
647,pubchem.compound:9954280,[]
648,pubchem.compound:761523,[]
649,pubchem.compound:442972,[]
650,pubchem.compound:9806489,[]
651,pubchem.compound:4673492,[11]
652,pubchem.compound:158793,[13]
653,pubchem.compound:9819432,[]
654,pubchem.compound:11784736,[]
655,pubchem.compound:11531745,[]
656,pubchem.compound:4306,[]
657,pubchem.compound:10330240,[]
658,pubchem.compound:4694339,[]
659,pubchem.compound:3035905,[8]
660,pubchem.compound:48229,[]
661,pubchem.compound:9874838,[]
662,pubchem.compound:6769,[]
663,pubchem.compound:6185,[]
664,pubchem.compound:5278,[]
665,pubchem.compound:22955,[]
666,pubchem.compound:1218,[8]
667,pubchem.compound:1241,[]
668,pubchem.compound:193949,[]
669,pubchem.compound:176408,[8]
670,pubchem.compound:107930,[8]
671,pubchem.compound:6604889,[8]
672,pubchem.compound:3854666,[8]
673,pubchem.compound:6604009,[8]
674,pubchem.compound:146157296,[]
675,pubchem.compound:6878030,[]
676,pubchem.compound:443951,[11]
677,pubchem.compound:3045227,[]
678,pubchem.compound:17756791,[]
679,pubchem.compound:46740,[]
680,pubchem.compound:11317883,[]
681,pubchem.compound:9953769,[12]
682,pubchem.compound:9824953,[]
683,pubchem.compound:5468216,[]
684,pubchem.compound:135433658,[]
685,pubchem.compound:311434,[]
686,pubchem.compound:68071,[]
687,pubchem.compound:11201035,[]
688,pubchem.compound:1990,[16]
689,pubchem.compound:4369491,[]
690,pubchem.compound:4712,[]
691,pubchem.compound:9887870,[]
692,pubchem.compound:5311093,[]
693,pubchem.compound:6604915,[]
694,pubchem.compound:5353842,[]
695,pubchem.compound:16102146,[]
696,pubchem.compound:123767,[]
697,pubchem.compound:5497186,[]
698,pubchem.compound:5486827,[]
699,pubchem.compound:3408722,[]
700,pubchem.compound:92327938,[]
701,pubchem.compound:1549133,[]
702,pubchem.compound:9888030,[]
703,pubchem.compound:9891901,[]
704,pubchem.compound:5288811,[]
705,pubchem.compound:11538542,[]
706,pubchem.compound:6603931,[12]
707,pubchem.compound:9926998,[]
708,pubchem.compound:9845197,[]
709,pubchem.compound:54483521,[]
710,pubchem.compound:10022508,[]
711,pubchem.compound:14987,[]
712,pubchem.compound:122162,[8]
713,pubchem.compound:442646,[]
714,pubchem.compound:122023,[12]
715,pubchem.compound:121930,[]
716,pubchem.compound:5311257,[]
717,pubchem.compound:6435901,[]
718,pubchem.compound:6603897,[]
719,pubchem.compound:132846,[]
720,pubchem.compound:132837,[]
721,pubchem.compound:121918,[8]
722,pubchem.compound:9872389,[18]
723,pubchem.compound:135400439,[]
724,pubchem.compound:1126109,[]
725,pubchem.compound:10446295,[]
726,pubchem.compound:11201705,[]
727,pubchem.compound:3783,[8]
728,pubchem.compound:127403,[]
729,pubchem.compound:5311192,[]
730,pubchem.compound:123686,[]
731,pubchem.compound:3674,[]
732,pubchem.compound:54685921,[]
733,pubchem.compound:10748,[]
734,pubchem.compound:10981286,[]
735,pubchem.compound:34772,[]
736,pubchem.compound:449241,[]
737,pubchem.compound:11595431,[]
738,pubchem.compound:5329480,[]
739,pubchem.compound:9800961,[]
740,pubchem.compound:3505,[8]
741,pubchem.compound:6918030,[11]
742,pubchem.compound:173614,[13]
743,pubchem.compound:107780,[8]
744,pubchem.compound:6439447,[]
745,pubchem.compound:3442,[]
746,pubchem.compound:107810,[]
747,pubchem.compound:13791,[8]
748,pubchem.compound:54677973,[]
749,pubchem.compound:441728,[]
750,pubchem.compound:5410903,[]
751,pubchem.compound:135522417,[8]
752,pubchem.compound:94701,[]
753,pubchem.compound:3919910,[]
754,pubchem.compound:9419,[8]
755,pubchem.compound:93504,[12]
756,pubchem.compound:2790,[]
757,pubchem.compound:2763,[13]
758,pubchem.compound:5282138,[11]
759,pubchem.compound:124007,[]
760,pubchem.compound:104895,[]
761,pubchem.compound:3086599,[]
762,pubchem.compound:5311042,[]
763,pubchem.compound:132252,[]
764,pubchem.compound:2566,[]
765,pubchem.compound:5287620,[]
766,pubchem.compound:5329255,[]
767,pubchem.compound:5353454,[12]
768,pubchem.compound:2415,[]
769,pubchem.compound:5280373,[]
770,pubchem.compound:2293,[]
771,pubchem.compound:15723,[]
772,pubchem.compound:3641059,[]
773,pubchem.compound:5283393,[]
774,pubchem.compound:7059445,[]
775,pubchem.compound:6604822,[]
776,pubchem.compound:2049,[]
777,pubchem.compound:5328760,[]
778,pubchem.compound:5328771,[]
779,pubchem.compound:27812,[2]
780,pubchem.compound:4839,[]
781,pubchem.compound:107926,[8]
782,pubchem.compound:60943,[]
783,pubchem.compound:446541,[]
784,pubchem.compound:57030,[2]
785,pubchem.compound:56599306,[]
786,pubchem.compound:135565082,[2]
787,pubchem.compound:11219835,[]
788,pubchem.compound:91471,[]
789,pubchem.compound:15387,[8]
790,pubchem.compound:131682,[8]
791,pubchem.compound:5281078,[]
792,pubchem.compound:5488548,[13]
793,pubchem.compound:25171648,[2]
794,pubchem.compound:133017,[]
795,pubchem.compound:196968,[8]
796,pubchem.compound:24812758,[]
797,pubchem.compound:9841834,[11]
798,pubchem.compound:56959,[11]
799,pubchem.compound:3343,[12]
800,pubchem.compound:23662025,[12]
801,pubchem.compound:6918670,[]
802,pubchem.compound:405012,[2]
803,pubchem.compound:114750,[8]
804,pubchem.compound:59227,[8]
805,pubchem.compound:11319053,[8]
806,pubchem.compound:9907323,[8]
807,pubchem.compound:4848,[13]
808,pubchem.compound:6918554,[12]
809,pubchem.compound:4993,[]
810,pubchem.compound:128919,[]
811,pubchem.compound:21109,[11]
812,pubchem.compound:59174488,[2]
813,pubchem.compound:9808022,[11]
814,pubchem.compound:21071390,[8]
815,pubchem.compound:3547,[]
816,pubchem.compound:1150897,[]
817,pubchem.compound:636403,[]
818,pubchem.compound:122327,[13]
819,pubchem.compound:64982,[]
820,pubchem.compound:10294813,[2]
821,pubchem.compound:9853053,[13]
822,pubchem.compound:68848,[]
823,pubchem.compound:164522,[12]
824,pubchem.compound:72303,[]
825,pubchem.compound:23190,[15]
826,pubchem.compound:9810929,[2]
827,pubchem.compound:130881,[11]
828,pubchem.compound:219024,[]
829,pubchem.compound:10275777,[]
830,pubchem.compound:3969,[12]
831,pubchem.compound:3752,[2]
832,pubchem.compound:5081913,[14]
833,pubchem.compound:35375,[15]
834,pubchem.compound:71721648,[2]
835,pubchem.compound:60910,[]
836,pubchem.compound:78357816,[2]
837,pubchem.compound:40704,[]
838,pubchem.compound:53389,[8]
839,pubchem.compound:16118392,[2]
840,pubchem.compound:46848036,[2]
841,pubchem.compound:11658655,[]
842,pubchem.compound:24873435,[]
843,pubchem.compound:5059,[]
844,pubchem.compound:115210,[8]
845,pubchem.compound:4671,[8]
846,pubchem.compound:166558,[11]
847,pubchem.compound:4417,[8]
848,pubchem.compound:11243969,[13]
849,pubchem.compound:33887,[12]
850,pubchem.compound:155903766,[]
851,pubchem.compound:3036703,[]
852,pubchem.compound:5283734,[14]
853,pubchem.compound:16720766,[2]
854,pubchem.compound:5639,[11]
855,pubchem.compound:10221150,[]
856,pubchem.compound:6918508,[2]
857,pubchem.compound:49867937,[2]
858,pubchem.compound:163844,[]
859,pubchem.compound:24771824,[13]
860,pubchem.compound:29243,[2]
861,pubchem.compound:72093,[]
862,pubchem.compound:23727689,[8]
863,pubchem.compound:9547243,[]
864,pubchem.compound:11538455,[2]
865,pubchem.compound:46883536,[8]
866,pubchem.compound:10295295,[]
867,pubchem.compound:135497803,[]
868,pubchem.compound:5312149,[]
869,pubchem.compound:1646,[8]
870,pubchem.compound:50248,[]
871,pubchem.compound:16126898,[11]
872,pubchem.compound:6398761,[13]
873,pubchem.compound:24748573,[2]
874,pubchem.compound:11620908,[2]
875,pubchem.compound:156333,[8]
876,pubchem.compound:3074,[]
877,pubchem.compound:11949652,[13]
878,pubchem.compound:5311281,[11]
879,pubchem.compound:3698,[]
880,pubchem.compound:3009355,[]
881,pubchem.compound:121878,[]
882,pubchem.compound:170361,[8]
883,pubchem.compound:44182295,[2]
884,pubchem.compound:4823,[]
885,pubchem.compound:23626877,[15]
886,pubchem.compound:9808844,[2]
887,pubchem.compound:107967,[8]
888,pubchem.compound:10071196,[8]
889,pubchem.compound:44623946,[12]
890,pubchem.compound:49848070,[2]
891,pubchem.compound:4037,[15]
892,pubchem.compound:3352,[]
893,pubchem.compound:10783,[8]
894,pubchem.compound:9867642,[11]
895,pubchem.compound:5311424,[]
896,pubchem.compound:11519070,[12]
897,pubchem.compound:9887712,[13]
898,pubchem.compound:1520267,[13]
899,pubchem.compound:51001932,[2]
900,pubchem.compound:5282136,[]
901,pubchem.compound:4814,[]
902,pubchem.compound:25019940,[8]
903,pubchem.compound:65957,[9]
904,pubchem.compound:6303,[]
905,pubchem.compound:9851211,[]
906,pubchem.compound:71157,[8]
907,pubchem.compound:3277,[8]
908,pubchem.compound:159325,[]
909,pubchem.compound:5310993,[11]
910,pubchem.compound:9867770,[]
911,pubchem.compound:25025298,[]
912,pubchem.compound:128355,[12]
913,pubchem.compound:444036,[]
914,pubchem.compound:72124,[4]
915,pubchem.compound:5353788,[11]
916,pubchem.compound:64945,[13]
917,pubchem.compound:198693,[8]
918,pubchem.compound:9910486,[]
919,pubchem.compound:11548630,[2]
920,pubchem.compound:3278,[11]
921,pubchem.compound:3926,[11]
922,pubchem.compound:3949,[8]
923,pubchem.compound:11438771,[20]
924,pubchem.compound:42642648,[2]
925,pubchem.compound:3052,[]
926,pubchem.compound:178024,[]
927,pubchem.compound:71346,[8]
928,pubchem.compound:1236,[]
929,pubchem.compound:6438330,[]
930,pubchem.compound:5904,[]
931,pubchem.compound:6604909,[8]
932,pubchem.compound:9863672,[]
933,pubchem.compound:443955,[8]
934,pubchem.compound:132519,[9]
935,pubchem.compound:443953,[]
936,pubchem.compound:1088,[]
937,pubchem.compound:213046,[]
938,pubchem.compound:68871,[]
939,pubchem.compound:3932,[8]
940,pubchem.compound:4938,[8]
941,pubchem.compound:6918314,[8]
942,pubchem.compound:6445533,[]
943,pubchem.compound:5353646,[]
944,pubchem.compound:44137946,[8]
945,pubchem.compound:16123056,[2]
946,pubchem.compound:108137,[]
947,pubchem.compound:51049968,[8]
948,pubchem.compound:148195,[]
949,pubchem.compound:222528,[13]
950,pubchem.compound:6436,[]
951,pubchem.compound:135659063,[]
952,pubchem.compound:5025739,[16]
953,pubchem.compound:24800541,[2]
954,pubchem.compound:11154555,[8]
955,pubchem.compound:16718576,[2]
956,pubchem.compound:56645356,[]
957,pubchem.compound:132862,[]
958,pubchem.compound:9838712,[13]
959,pubchem.compound:176873,[15]
960,pubchem.compound:2132,[12]
961,pubchem.compound:4826,[11]
962,pubchem.compound:3718,[15]
963,pubchem.compound:25117126,[2]
964,pubchem.compound:6918184,[11]
965,pubchem.compound:5281969,[]
966,pubchem.compound:10173277,[]
967,pubchem.compound:1345,[]
968,pubchem.compound:3121,[8]
969,pubchem.compound:2687,[]
970,pubchem.compound:71203,[]
971,pubchem.compound:9823820,[2]
972,pubchem.compound:127151,[8]
973,pubchem.compound:3242,[]
974,pubchem.compound:3071,[]
975,pubchem.compound:31307,[12]
976,pubchem.compound:30668,[8]
977,pubchem.compound:4199,[8]
978,pubchem.compound:5991,[16]
979,pubchem.compound:1329,[]
980,pubchem.compound:3712,[2]
981,pubchem.compound:4418,[11]
982,pubchem.compound:9828911,[13]
983,pubchem.compound:3033677,[]
984,pubchem.compound:2381,[8]
985,pubchem.compound:9889200,[13]
986,pubchem.compound:4633,[9]
987,pubchem.compound:25033539,[2]
988,pubchem.compound:10437018,[2]
989,pubchem.compound:9818682,[]
990,pubchem.compound:6451164,[]
991,pubchem.compound:208898,[11]
992,pubchem.compound:2782,[]
993,pubchem.compound:2725,[12]
994,pubchem.compound:71299339,[]
995,pubchem.compound:108046,[8]
996,pubchem.compound:33630,[8]
997,pubchem.compound:6215,[]
998,pubchem.compound:124246,[15]
999,pubchem.compound:68712,[11]
1000,pubchem.compound:2310,[]
1001,pubchem.compound:213040,[]
1002,pubchem.compound:3219,[9]
1003,pubchem.compound:2081,[]
1004,pubchem.compound:2353,[]
1005,pubchem.compound:54682876,[2]
1006,pubchem.compound:442894,[8]
1007,pubchem.compound:11180808,[8]
1008,pubchem.compound:24946690,[]
1009,pubchem.compound:104850,[13]
1010,pubchem.compound:6604918,[12]
1011,pubchem.compound:11749858,[2]
1012,pubchem.compound:6323266,[]
1013,pubchem.compound:11226090,[13]
1014,pubchem.compound:16007367,[]
1015,pubchem.compound:132449,[]
1016,pubchem.compound:57335384,[2]
1017,pubchem.compound:25025505,[13]
1018,pubchem.compound:46926360,[13]
1019,pubchem.compound:119369,[13]
1020,pubchem.compound:5493444,[11]
1021,pubchem.compound:65889,[]
1022,pubchem.compound:25234918,[15]
1023,pubchem.compound:24963252,[2]
1024,pubchem.compound:23635314,[]
1025,pubchem.compound:3960,[13]
1026,pubchem.compound:51576,[11]
1027,pubchem.compound:1548955,[]
1028,pubchem.compound:936,[14]
1029,pubchem.compound:3827,[9]
1030,pubchem.compound:11609955,[2]
1031,pubchem.compound:148184,[8]
1032,pubchem.compound:122070,[]
1033,pubchem.compound:44187362,[2]
1034,pubchem.compound:15376,[8]
1035,pubchem.compound:104842,[2]
1036,pubchem.compound:107970,[8]
1037,pubchem.compound:119373,[2]
1038,pubchem.compound:5469318,[2]
1039,pubchem.compound:108107,[]
1040,pubchem.compound:3448,[8]
1041,pubchem.compound:5577,[]
1042,pubchem.compound:25151504,[]
1043,pubchem.compound:10521421,[]
1044,pubchem.compound:5284550,[]
1045,pubchem.compound:16734800,[11]
1046,pubchem.compound:10026128,[13]
1047,pubchem.compound:24748204,[2]
1048,pubchem.compound:44205240,[15]
1049,pubchem.compound:1234,[]
1050,pubchem.compound:121891,[13]
1051,pubchem.compound:11556427,[]
1052,pubchem.compound:39065,[13]
1053,pubchem.compound:135398495,[2]
1054,pubchem.compound:9832447,[2]
1055,pubchem.compound:41049,[]
1056,pubchem.compound:3689,[13]
1057,pubchem.compound:9806229,[]
1058,pubchem.compound:3103,[12]
1059,pubchem.compound:114709,[8]
1060,pubchem.compound:65906,[12]
1061,pubchem.compound:151172,[11]
1062,pubchem.compound:68602,[]
1063,pubchem.compound:4593,[11]
1064,pubchem.compound:56846693,[2]
1065,pubchem.compound:135564749,[11]
1066,pubchem.compound:9930049,[11]
1067,pubchem.compound:3721046,[]
1068,pubchem.compound:9939609,[11]
1069,pubchem.compound:6444692,[2]
1070,pubchem.compound:4456,[8]
1071,pubchem.compound:8249,[13]
1072,pubchem.compound:21700,[]
1073,pubchem.compound:134778,[]
1074,pubchem.compound:133621,[]
1075,pubchem.compound:155815,[]
1076,pubchem.compound:131746,[]
1077,pubchem.compound:2788,[]
1078,pubchem.compound:135413533,[2]
1079,pubchem.compound:11520894,[2]
1080,pubchem.compound:1645,[]
1081,pubchem.compound:24737642,[2]
1082,pubchem.compound:107751,[]
1083,pubchem.compound:10201696,[15]
1084,pubchem.compound:44155856,[]
1085,pubchem.compound:1549000,[]
1086,pubchem.compound:59693,[2]
1087,pubchem.compound:15984937,[13]
1088,pubchem.compound:2882,[12]
1089,pubchem.compound:9818903,[8]
1090,pubchem.compound:400769,[]
1091,pubchem.compound:216327,[]
1092,pubchem.compound:71481097,[2]
1093,pubchem.compound:4032,[11]
1094,pubchem.compound:444029,[]
1095,pubchem.compound:128563,[11]
1096,pubchem.compound:5281727,[]
1097,pubchem.compound:2377,[8]
1098,pubchem.compound:5205,[]
1099,pubchem.compound:54726191,[]
1100,pubchem.compound:71354,[16]
1101,pubchem.compound:72301,[8]
1102,pubchem.compound:122077,[]
1103,pubchem.compound:9887537,[8]
1104,pubchem.compound:5311345,[]
1105,pubchem.compound:25166913,[2]
1106,pubchem.compound:121926,[8]
1107,pubchem.compound:4167,[8]
1108,pubchem.compound:54385,[9]
1109,pubchem.compound:39836,[11]
1110,pubchem.compound:3455,[8]
1111,pubchem.compound:10798271,[15]
1112,pubchem.compound:57697,[9]
1113,pubchem.compound:132999,[11]
1114,pubchem.compound:25031915,[2]
1115,pubchem.compound:123683,[2]
1116,pubchem.compound:123983,[]
1117,pubchem.compound:6839,[8]
1118,pubchem.compound:5311339,[]
1119,pubchem.compound:47319,[9]
1120,pubchem.compound:2722,[]
1121,pubchem.compound:49831257,[]
1122,pubchem.compound:11502243,[11]
1123,pubchem.compound:11570626,[]
1124,pubchem.compound:135399235,[]
1125,pubchem.compound:107641,[]
1126,pubchem.compound:159594,[]
1127,pubchem.compound:208901,[13]
1128,pubchem.compound:5042,[13]
1129,pubchem.compound:6610243,[]
1130,pubchem.compound:5281855,[]
1131,pubchem.compound:169870,[]
1132,pubchem.compound:24988881,[13]
1133,pubchem.compound:6918612,[8]
1134,pubchem.compound:656615,[]
1135,pubchem.compound:4698,[]
1136,pubchem.compound:462382,[]
1137,pubchem.compound:121877,[13]
1138,pubchem.compound:12555,[13]
1139,pubchem.compound:46947264,[]
1140,pubchem.compound:3025944,[2]
1141,pubchem.compound:5511,[]
1142,pubchem.compound:6178111,[]
1143,pubchem.compound:4705,[14]
1144,pubchem.compound:5311051,[14]
1145,pubchem.compound:5318998,[]
1146,pubchem.compound:65909,[]
1147,pubchem.compound:125564,[8]
1148,pubchem.compound:50905713,[2]
1149,pubchem.compound:448014,[2]
1150,pubchem.compound:11552706,[11]
1151,pubchem.compound:59472121,[2]
1152,pubchem.compound:46239015,[2]
1153,pubchem.compound:10296883,[]
1154,pubchem.compound:5312122,[]
1155,pubchem.compound:9843750,[8]
1156,pubchem.compound:1694,[]
1157,pubchem.compound:5312126,[]
1158,pubchem.compound:46901937,[]
1159,pubchem.compound:11234052,[2]
1160,pubchem.compound:25062766,[2]
1161,pubchem.compound:10109823,[]
1162,pubchem.compound:11640390,[2]
1163,pubchem.compound:25126798,[2]
1164,pubchem.compound:56649450,[2]
1165,pubchem.compound:11977753,[2]
1166,pubchem.compound:9549289,[]
1167,pubchem.compound:135398506,[]
1168,pubchem.compound:6918454,[]
1169,pubchem.compound:16722836,[2]
1170,pubchem.compound:6852167,[]
1171,pubchem.compound:24180719,[2]
1172,pubchem.compound:135565545,[2]
1173,pubchem.compound:9549297,[]
1174,pubchem.compound:160355,[2]
1175,pubchem.compound:51358113,[2]
1176,pubchem.compound:6445562,[2]
1177,pubchem.compound:44137675,[13]
1178,pubchem.compound:9907093,[]
1179,pubchem.compound:25195294,[]
1180,pubchem.compound:11476171,[2]
1181,pubchem.compound:11598628,[]
1182,pubchem.compound:16007391,[2]
1183,pubchem.compound:11327430,[]
1184,pubchem.compound:265237,[2]
1185,pubchem.compound:9956119,[4]
1186,pubchem.compound:9810884,[9]
1187,pubchem.compound:49836027,[]
1188,pubchem.compound:5289247,[]
1189,pubchem.compound:11647372,[2]
1190,pubchem.compound:146156476,[]
1191,pubchem.compound:1401,[2]
1192,pubchem.compound:25124816,[]
1193,pubchem.compound:3025986,[2]
1194,pubchem.compound:156414,[2]
1195,pubchem.compound:10184653,[2]
1196,pubchem.compound:73707530,[]
1197,pubchem.compound:11713159,[2]
1198,pubchem.compound:24964624,[2]
1199,pubchem.compound:5330286,[2]
1200,pubchem.compound:135398516,[2]
1201,pubchem.compound:9813758,[]
1202,pubchem.compound:11671467,[]
1203,pubchem.compound:9826308,[]
1204,pubchem.compound:5287969,[2]
1205,pubchem.compound:9869779,[]
1206,pubchem.compound:92852530,[]
1207,pubchem.compound:24901704,[2]
1208,pubchem.compound:5166,[]
1209,pubchem.compound:10430360,[2]
1210,pubchem.compound:9888590,[2]
1211,pubchem.compound:11717001,[]
1212,pubchem.compound:49806720,[2]
1213,pubchem.compound:10077147,[]
1214,pubchem.compound:16747388,[]
1215,pubchem.compound:3038525,[]
1216,pubchem.compound:6419753,[2]
1217,pubchem.compound:46911863,[2]
1218,pubchem.compound:8515,[]
1219,pubchem.compound:5924208,[]
1220,pubchem.compound:11712649,[2]
1221,pubchem.compound:9952773,[15]
1222,pubchem.compound:25227462,[2]
1223,pubchem.compound:5311510,[]
1224,pubchem.compound:11364421,[2]
1225,pubchem.compound:10302451,[2]
1226,pubchem.compound:11152667,[2]
1227,pubchem.compound:11373846,[]
1228,pubchem.compound:51000408,[2]
1229,pubchem.compound:15331,[]
1230,pubchem.compound:9931954,[2]
1231,pubchem.compound:49855250,[2]
1232,pubchem.compound:65064,[13]
1233,pubchem.compound:25150857,[2]
1234,pubchem.compound:46943432,[2]
1235,pubchem.compound:71729975,[]
1236,pubchem.compound:53340666,[2]
1237,pubchem.compound:2130404,[]
1238,pubchem.compound:46907787,[2]
1239,pubchem.compound:56963315,[]
1240,pubchem.compound:5113032,[8]
1241,pubchem.compound:54685215,[]
1242,pubchem.compound:9796068,[2]
1243,pubchem.compound:15953870,[2]
1244,pubchem.compound:5278396,[2]
1245,pubchem.compound:15983966,[2]
1246,pubchem.compound:24856436,[2]
1247,pubchem.compound:53235510,[2]
1248,pubchem.compound:11175137,[]
1249,pubchem.compound:49867929,[]
1250,pubchem.compound:71496458,[2]
1251,pubchem.compound:6539732,[]
1252,pubchem.compound:11667893,[2]
1253,pubchem.compound:44607530,[]
1254,pubchem.compound:9967941,[]
1255,pubchem.compound:23582824,[2]
1256,pubchem.compound:24794418,[]
1257,pubchem.compound:156422,[13]
1258,pubchem.compound:24739943,[2]
1259,pubchem.compound:2051,[]
1260,pubchem.compound:17754438,[2]
1261,pubchem.compound:24788740,[2]
1262,pubchem.compound:135659062,[]
1263,pubchem.compound:644215,[2]
1264,pubchem.compound:176158,[]
1265,pubchem.compound:9911830,[2]
1266,pubchem.compound:24875320,[]
1267,pubchem.compound:4261,[2]
1268,pubchem.compound:5350,[2]
1269,pubchem.compound:5284329,[]
1270,pubchem.compound:8582409,[]
1271,pubchem.compound:107985,[13]
1272,pubchem.compound:439230,[]
1273,pubchem.compound:60648,[8]
1274,pubchem.compound:9863367,[15]
1275,pubchem.compound:657378,[]
1276,pubchem.compound:107896,[]
1277,pubchem.compound:442195,[]
1278,pubchem.compound:27400,[8]
1279,pubchem.compound:107715,[8]
1280,pubchem.compound:5723,[12]
1281,pubchem.compound:71415,[14]
1282,pubchem.compound:122724,[8]
1283,pubchem.compound:5283066,[]
1284,pubchem.compound:5458428,[]
1285,pubchem.compound:3006531,[]
1286,pubchem.compound:176155,[]
1287,pubchem.compound:4713,[]
1288,pubchem.compound:91827739,[]
1289,pubchem.compound:222757,[]
1290,pubchem.compound:24385,[]
1291,pubchem.compound:441335,[4]
1292,pubchem.compound:3410,[12]
1293,pubchem.compound:444732,[2]
1294,pubchem.compound:6918852,[2]
1295,pubchem.compound:24462,[]
1296,pubchem.compound:159603,[]
1297,pubchem.compound:8246,[]
1298,pubchem.compound:26879,[2]
1299,pubchem.compound:6435890,[]
1300,pubchem.compound:62959,[]
1301,pubchem.compound:4922,[]
1302,pubchem.compound:47811,[8]
1303,pubchem.compound:7456,[]
1304,pubchem.compound:1549120,[8]
1305,pubchem.compound:38945,[11]
1306,pubchem.compound:135403821,[9]
1307,pubchem.compound:24085,[]
1308,pubchem.compound:3965,[]
1309,pubchem.compound:5362440,[]
1310,pubchem.compound:8785,[]
1311,pubchem.compound:119584,[]
1312,pubchem.compound:2264,[]
1313,pubchem.compound:5467,[8]
1314,pubchem.compound:5403,[12]
1315,pubchem.compound:22475,[]
1316,pubchem.compound:4914,[9]
1317,pubchem.compound:4011,[8]
1318,pubchem.compound:3191,[]
1319,pubchem.compound:26987,[12]
1320,pubchem.compound:5311036,[]
1321,pubchem.compound:2467,[11]
1322,pubchem.compound:36324,[]
1323,pubchem.compound:5210,[13]
1324,pubchem.compound:4843,[8]
1325,pubchem.compound:3675,[]
1326,pubchem.compound:5386,[2]
1327,pubchem.compound:135403648,[]
1328,pubchem.compound:18343,[2]
1329,pubchem.compound:4636,[9]
1330,pubchem.compound:54585,[13]
1331,pubchem.compound:5733,[]
1332,pubchem.compound:6124,[]
1333,pubchem.compound:3334,[]
1334,pubchem.compound:656665,[]
1335,pubchem.compound:40854,[]
1336,pubchem.compound:4496,[]
1337,pubchem.compound:4649,[13]
1338,pubchem.compound:5897,[]
1339,pubchem.compound:2406,[]
1340,pubchem.compound:853433,[]
1341,pubchem.compound:2176,[]
1342,pubchem.compound:60712,[15]
1343,pubchem.compound:466151,[2]
1344,pubchem.compound:15938,[]
1345,pubchem.compound:50942,[12]
1346,pubchem.compound:446156,[]
1347,pubchem.compound:34870,[8]
1348,pubchem.compound:8478,[]
1349,pubchem.compound:1549103,[14]
1350,pubchem.compound:3518,[11]
1351,pubchem.compound:2730,[]
1352,pubchem.compound:5281708,[]
1353,pubchem.compound:8667,[]
1354,pubchem.compound:8346,[]
1355,pubchem.compound:51040,[]
1356,pubchem.compound:6437,[]
1357,pubchem.compound:441853,[]
1358,pubchem.compound:8575,[]
1359,pubchem.compound:12251,[]
1360,pubchem.compound:4178,[11]
1361,pubchem.compound:4098,[]
1362,pubchem.compound:2723949,[]
1363,pubchem.compound:135398735,[]
1364,pubchem.compound:441074,[]
1365,pubchem.compound:5921,[]
1366,pubchem.compound:9415,[2]
1367,pubchem.compound:3114,[11]
1368,pubchem.compound:6419921,[]
1369,pubchem.compound:22722,[]
1370,pubchem.compound:2708,[2]
1371,pubchem.compound:4060,[8]
1372,pubchem.compound:5090,[15]
1373,pubchem.compound:119607,[15]
1374,pubchem.compound:119031,[2]
1375,pubchem.compound:4753,[8]
1376,pubchem.compound:6291,[]
1377,pubchem.compound:60663,[2]
1378,pubchem.compound:2120,[]
1379,pubchem.compound:4592,[]
1380,pubchem.compound:1893,[]
1381,pubchem.compound:5288382,[2]
1382,pubchem.compound:445070,[]
1383,pubchem.compound:5326713,[]
1384,pubchem.compound:337359,[9]
1385,pubchem.compound:4849,[]
1386,pubchem.compound:5280335,[]
1387,pubchem.compound:128878,[]
1388,pubchem.compound:932,[]
1389,pubchem.compound:6323491,[]
1390,pubchem.compound:5362422,[12]
1391,pubchem.compound:446916,[]
1392,pubchem.compound:5453,[2]
1393,pubchem.compound:2196,[8]
1394,pubchem.compound:97297,[]
1395,pubchem.compound:10621,[11]
1396,pubchem.compound:4495,[2]
1397,pubchem.compound:50515,[2]
1398,pubchem.compound:101616,[8]
1399,pubchem.compound:9871074,[]
1400,pubchem.compound:10341154,[15]
1401,pubchem.compound:11398092,[8]
1402,pubchem.compound:1253,[]
1403,pubchem.compound:5329098,[]
1404,pubchem.compound:10152654,[15]
1405,pubchem.compound:4477,[]
1406,pubchem.compound:9826528,[2]
1407,pubchem.compound:3332,[15]
1408,pubchem.compound:445858,[]
1409,pubchem.compound:22049997,[12]
1410,pubchem.compound:24864821,[2]
1411,pubchem.compound:122335,[2]
1412,pubchem.compound:3342298,[]
1413,pubchem.compound:3132,[]
1414,pubchem.compound:73333,[8]
1415,pubchem.compound:2787,[]
1416,pubchem.compound:11625818,[2]
1417,pubchem.compound:4500,[]
1418,pubchem.compound:2750,[12]
1419,pubchem.compound:2765,[]
1420,pubchem.compound:5531,[]
1421,pubchem.compound:9811834,[]
1422,pubchem.compound:15547703,[2]
1423,pubchem.compound:10288191,[2]
1424,pubchem.compound:26248,[]
1425,pubchem.compound:3822,[11]
1426,pubchem.compound:4850,[]
1427,pubchem.compound:3033769,[]
1428,pubchem.compound:5074,[8]
1429,pubchem.compound:5280363,[2]
1430,pubchem.compound:5311070,[8]
1431,pubchem.compound:123879,[12]
1432,pubchem.compound:28693,[13]
1433,pubchem.compound:53276,[]
1434,pubchem.compound:47472,[]
1435,pubchem.compound:460612,[2]
1436,pubchem.compound:3677,[11]
1437,pubchem.compound:2162,[11]
1438,pubchem.compound:2161,[12]
