,0
pubchem.compound:16043,CID00001
pubchem.compound:10205,CID00002
pubchem.compound:5646,CID00006
pubchem.compound:5281035,CID00007
pubchem.compound:4784,CID00009
pubchem.compound:119032,CID00011
pubchem.compound:3994,CID00012
pubchem.compound:6912226,CID00013
pubchem.compound:3652,CID00015
pubchem.compound:5280953,CID00016
pubchem.compound:3463933,CID00018
pubchem.compound:442009,CID00019
pubchem.compound:15604015,CID00020
pubchem.compound:5684,CID00021
pubchem.compound:9811606,CID00024
pubchem.compound:445713,CID00026
pubchem.compound:4624,CID00027
pubchem.compound:2107,CID00030
pubchem.compound:1242,CID00031
pubchem.compound:180081,CID00032
pubchem.compound:1219,CID00033
pubchem.compound:119192,CID00036
pubchem.compound:446313,CID00039
pubchem.compound:9881989,CID00044
pubchem.compound:4641,CID00046
pubchem.compound:6422124,CID00052
pubchem.compound:2088,CID00055
pubchem.compound:4452,CID00056
pubchem.compound:4581,CID00057
pubchem.compound:180081,CID00058
None,CID00059
pubchem.compound:11957499,CID00060
pubchem.compound:31373,CID00061
pubchem.compound:68570,CID00062
pubchem.compound:20393,CID00063
pubchem.compound:5281576,CID00064
pubchem.compound:31553,CID00065
pubchem.compound:4115,CID00066
pubchem.compound:6623,CID00067
pubchem.compound:3032732,CID00068
pubchem.compound:299,CID00069
pubchem.compound:135423666,CID00072
pubchem.compound:4906,CID00073
pubchem.compound:1201549,CID00075
pubchem.compound:4488,CID00076
pubchem.compound:24288,CID00078
pubchem.compound:5240,CID00079
pubchem.compound:132971,CID00080
pubchem.compound:11395181,CID00081
pubchem.compound:6540,CID00082
pubchem.compound:25195354,CID00083
pubchem.compound:5353609,CID00084
pubchem.compound:38409,CID00085
pubchem.compound:442424,CID00086
pubchem.compound:6675804,CID00087
pubchem.compound:454217,CID00088
pubchem.compound:49850262,CID00089
pubchem.compound:123692,CID00090
pubchem.compound:10237,CID00091
pubchem.compound:71158,CID00092
pubchem.compound:3025961,CID00093
pubchem.compound:74603,CID00094
pubchem.compound:10398360,CID00096
pubchem.compound:57369841,CID00097
None,CID00098
pubchem.compound:5283454,CID00100
pubchem.compound:44607360,CID00101
pubchem.compound:210332,CID00102
pubchem.compound:11296583,CID00103
pubchem.compound:9549213,CID00104
pubchem.compound:137319711,CID00105
pubchem.compound:2930014,CID00107
pubchem.compound:13889849,CID00108
pubchem.compound:146898,CID00109
pubchem.compound:227037,CID00110
None,CID00111
pubchem.compound:46233311,CID00113
pubchem.compound:6438381,CID00114
None,CID00115
None,CID00116
pubchem.compound:155903758,CID00117
None,CID00118
None,CID00119
pubchem.compound:3896,CID00120
None,CID00121
pubchem.compound:667550,CID00122
pubchem.compound:3542,CID00123
pubchem.compound:3213,CID00124
pubchem.compound:1697,CID00125
pubchem.compound:132266,CID00126
pubchem.compound:92877,CID00127
pubchem.compound:101989,CID00128
None,CID00129
pubchem.compound:9903,CID00130
pubchem.compound:5382,CID00131
pubchem.compound:10133,CID00132
pubchem.compound:69670465,CID00133
pubchem.compound:2747117,CID00134
None,CID00135
None,CID00136
pubchem.compound:135398687,CID00137
pubchem.compound:12313658,CID00138
pubchem.compound:2531,CID00139
pubchem.compound:16126782,CID00140
pubchem.compound:57340680,CID00141
None,CID00142
pubchem.compound:644076,CID00143
pubchem.compound:5287855,CID00146
pubchem.compound:16129706,CID00147
pubchem.compound:9910224,CID00148
pubchem.compound:23696523,CID00149
pubchem.compound:10367662,CID00150
pubchem.compound:24995524,CID00151
pubchem.compound:3549,CID00152
pubchem.compound:119565,CID00153
pubchem.compound:421610,CID00154
pubchem.compound:6918328,CID00155
pubchem.compound:4996,CID00156
pubchem.compound:16129666,CID00157
pubchem.compound:3645619,CID00158
pubchem.compound:17534,CID00159
pubchem.compound:10429242,CID00160
None,CID00161
None,CID00162
pubchem.compound:9804992,CID00164
pubchem.compound:6436219,CID00165
pubchem.compound:201990,CID00166
None,CID00167
pubchem.compound:107778,CID00168
pubchem.compound:40839,CID00169
pubchem.compound:2999413,CID00170
pubchem.compound:4296,CID00171
pubchem.compound:2083,CID00172
pubchem.compound:64143,CID00173
pubchem.compound:2577,CID00174
pubchem.compound:107867,CID00175
pubchem.compound:604519,CID00176
pubchem.compound:5360697,CID00177
pubchem.compound:439533,CID00179
pubchem.compound:58258,CID00180
pubchem.compound:5105,CID00181
pubchem.compound:119828,CID00182
pubchem.compound:5281901,CID00183
pubchem.compound:3616,CID00184
pubchem.compound:3947,CID00185
pubchem.compound:5280804,CID00186
pubchem.compound:126280,CID00187
pubchem.compound:9846332,CID00188
pubchem.compound:92337,CID00189
pubchem.compound:13505,CID00190
pubchem.compound:6597,CID00191
pubchem.compound:16960,CID00192
pubchem.compound:6234,CID00193
pubchem.compound:656668,CID00194
pubchem.compound:2099,CID00195
pubchem.compound:101498,CID00196
pubchem.compound:854019,CID00197
pubchem.compound:65373,CID00201
pubchem.compound:10631,CID00202
pubchem.compound:5311128,CID00203
pubchem.compound:20469,CID00204
pubchem.compound:1797,CID00208
None,CID00209
None,CID00210
None,CID00211
None,CID00212
pubchem.compound:5719375,CID00213
None,CID00214
pubchem.compound:44483163,CID00215
pubchem.compound:66890843,CID00216
pubchem.compound:135398517,CID00217
pubchem.compound:24775005,CID00218
pubchem.compound:25021165,CID00219
pubchem.compound:135403620,CID00220
pubchem.compound:253078,CID00221
pubchem.compound:11296282,CID00222
pubchem.compound:9927531,CID00223
pubchem.compound:182593,CID00224
pubchem.compound:52947716,CID00225
pubchem.compound:27924,CID00226
pubchem.compound:16760588,CID00227
None,CID00228
pubchem.compound:11657687,CID00229
None,CID00230
pubchem.compound:25195348,CID00231
pubchem.compound:10370504,CID00232
pubchem.compound:9576787,CID00233
pubchem.compound:16725315,CID00234
pubchem.compound:9886086,CID00235
pubchem.compound:26596,CID00236
pubchem.compound:67535,CID00237
pubchem.compound:4858,CID00238
pubchem.compound:25154868,CID00240
pubchem.compound:72376,CID00241
None,CID00242
pubchem.compound:4139,CID00243
pubchem.compound:5132514,CID00244
pubchem.compound:16736978,CID00245
pubchem.compound:11964036,CID00246
pubchem.compound:6918540,CID00247
pubchem.compound:442042,CID00248
pubchem.compound:24951314,CID00250
pubchem.compound:442088,CID00252
pubchem.compound:3129,CID00253
pubchem.compound:10687292,CID00254
pubchem.compound:5311218,CID00256
None,CID00257
pubchem.compound:24785538,CID00259
pubchem.compound:9840076,CID00262
pubchem.compound:3035714,CID00263
None,CID00265
pubchem.compound:1889993,CID00266
pubchem.compound:1714884,CID00267
pubchem.compound:10322450,CID00268
pubchem.compound:135411,CID00269
pubchem.compound:4788,CID00270
pubchem.compound:135418940,CID00271
pubchem.compound:981054,CID00272
pubchem.compound:6604934,CID00273
pubchem.compound:21100,CID00274
pubchem.compound:114829,CID00275
pubchem.compound:667530,CID00276
pubchem.compound:6708643,CID00279
pubchem.compound:25183872,CID00280
pubchem.compound:5311365,CID00281
pubchem.compound:3086618,CID00282
pubchem.compound:108182,CID00283
pubchem.compound:3797,CID00284
pubchem.compound:6604933,CID00286
pubchem.compound:3906894,CID00287
None,CID00288
pubchem.compound:5537,CID00289
pubchem.compound:181380,CID00290
pubchem.compound:68870,CID00291
pubchem.compound:1048845,CID00292
pubchem.compound:9885087,CID00293
pubchem.compound:1474853,CID00294
pubchem.compound:5269,CID00295
pubchem.compound:5268,CID00296
pubchem.compound:6437074,CID00298
pubchem.compound:1243,CID00299
pubchem.compound:14973220,CID00300
pubchem.compound:4336830,CID00301
pubchem.compound:3248571,CID00302
pubchem.compound:5163,CID00303
pubchem.compound:3272300,CID00304
pubchem.compound:131906,CID00305
pubchem.compound:824226,CID00306
pubchem.compound:6604887,CID00307
pubchem.compound:5281743,CID00308
pubchem.compound:5053,CID00309
pubchem.compound:108094,CID00311
pubchem.compound:3034004,CID00312
pubchem.compound:9908992,CID00313
pubchem.compound:10000456,CID00314
pubchem.compound:6603129,CID00315
pubchem.compound:7028,CID00316
pubchem.compound:3012,CID00317
pubchem.compound:448991,CID00318
pubchem.compound:456214,CID00319
pubchem.compound:4970,CID00320
pubchem.compound:68802,CID00321
pubchem.compound:5478883,CID00322
pubchem.compound:105008,CID00323
pubchem.compound:11689583,CID00324
pubchem.compound:5311479,CID00325
pubchem.compound:5281718,CID00326
pubchem.compound:135403792,CID00327
pubchem.compound:5866327,CID00328
pubchem.compound:4707,CID00329
pubchem.compound:4631,CID00330
pubchem.compound:5283454,CID00331
pubchem.compound:4630,CID00332
pubchem.compound:442428,CID00333
pubchem.compound:5013,CID00334
pubchem.compound:108047,CID00335
pubchem.compound:107992,CID00336
pubchem.compound:71781,CID00337
pubchem.compound:6610310,CID00338
pubchem.compound:5311097,CID00339
pubchem.compound:73157,CID00340
pubchem.compound:5280450,CID00341
pubchem.compound:461776,CID00342
pubchem.compound:6917970,CID00343
pubchem.compound:133008,CID00344
pubchem.compound:5311203,CID00345
pubchem.compound:5311276,CID00346
pubchem.compound:11317348,CID00348
pubchem.compound:56971,CID00350
pubchem.compound:5484725,CID00351
pubchem.compound:3683,CID00352
pubchem.compound:441860,CID00354
pubchem.compound:5744,CID00355
pubchem.compound:124846,CID00356
pubchem.compound:3610,CID00357
pubchem.compound:3035026,CID00358
pubchem.compound:5390854,CID00359
pubchem.compound:4302960,CID00361
pubchem.compound:9826034,CID00362
pubchem.compound:91488,CID00363
pubchem.compound:3995234,CID00365
pubchem.compound:132496,CID00366
pubchem.compound:3306,CID00368
pubchem.compound:57267,CID00369
pubchem.compound:60703,CID00370
pubchem.compound:3289,CID00371
pubchem.compound:3105,CID00372
pubchem.compound:6127,CID00373
pubchem.compound:4369270,CID00374
pubchem.compound:21678144,CID00375
pubchem.compound:6708636,CID00376
pubchem.compound:5280581,CID00377
pubchem.compound:6918409,CID00380
pubchem.compound:2780,CID00381
pubchem.compound:2755,CID00382
pubchem.compound:155346,CID00384
pubchem.compound:6917803,CID00385
pubchem.compound:11382492,CID00386
pubchem.compound:9600409,CID00387
pubchem.compound:2690,CID00388
pubchem.compound:197584,CID00389
pubchem.compound:6610318,CID00390
pubchem.compound:6603740,CID00391
pubchem.compound:5310988,CID00392
pubchem.compound:127861,CID00393
pubchem.compound:122272,CID00394
pubchem.compound:17756796,CID00395
pubchem.compound:65854,CID00396
pubchem.compound:104845,CID00397
pubchem.compound:6610326,CID00398
pubchem.compound:2253,CID00399
None,CID00400
pubchem.compound:4302962,CID00401
pubchem.compound:5328768,CID00402
pubchem.compound:5328772,CID00403
pubchem.compound:10251,CID00405
pubchem.compound:5083,CID00406
pubchem.compound:11524144,CID00407
pubchem.compound:6420094,CID00408
pubchem.compound:5284613,CID00409
pubchem.compound:5353609,CID00410
pubchem.compound:1103147,CID00411
pubchem.compound:656732,CID00412
pubchem.compound:91588,CID00414
pubchem.compound:5265,CID00415
pubchem.compound:104955,CID00416
pubchem.compound:5311432,CID00417
pubchem.compound:3387354,CID00418
pubchem.compound:3292447,CID00419
pubchem.compound:108029,CID00421
pubchem.compound:5145950,CID00422
pubchem.compound:5312145,CID00423
pubchem.compound:5281691,CID00424
None,CID00425
pubchem.compound:4883,CID00426
pubchem.compound:327653,CID00427
pubchem.compound:24868311,CID00428
pubchem.compound:4910,CID00429
pubchem.compound:656804,CID00430
pubchem.compound:5834,CID00431
pubchem.compound:4847,CID00432
pubchem.compound:4830,CID00433
pubchem.compound:379077,CID00434
pubchem.compound:4552,CID00435
pubchem.compound:3272524,CID00436
pubchem.compound:4519822,CID00438
pubchem.compound:4031,CID00439
pubchem.compound:54682505,CID00440
pubchem.compound:9829836,CID00441
pubchem.compound:9961192,CID00442
pubchem.compound:3707,CID00443
pubchem.compound:9989505,CID00444
pubchem.compound:161930,CID00445
pubchem.compound:54677972,CID00446
pubchem.compound:230748,CID00447
pubchem.compound:5318997,CID00448
pubchem.compound:3392731,CID00449
pubchem.compound:9893571,CID00450
pubchem.compound:447905,CID00451
pubchem.compound:6518171,CID00452
pubchem.compound:119376,CID00453
pubchem.compound:348482,CID00454
pubchem.compound:3335,CID00455
pubchem.compound:134551,CID00456
pubchem.compound:12961638,CID00458
pubchem.compound:71277,CID00459
pubchem.compound:107905,CID00460
pubchem.compound:10131112,CID00461
pubchem.compound:3087190,CID00462
pubchem.compound:2990,CID00463
pubchem.compound:3162,CID00464
pubchem.compound:12004512,CID00465
pubchem.compound:10071166,CID00466
pubchem.compound:5745,CID00467
pubchem.compound:9324,CID00468
None,CID00469
pubchem.compound:6834,CID00470
pubchem.compound:443967,CID00471
pubchem.compound:2286,CID00472
pubchem.compound:5327723,CID00474
pubchem.compound:15443,CID00475
pubchem.compound:119034,CID00476
pubchem.compound:22565,CID00477
pubchem.compound:68186,CID00478
pubchem.compound:680502,CID00479
pubchem.compound:5311000,CID00480
pubchem.compound:2064,CID00481
None,CID00482
pubchem.compound:1464,CID00483
pubchem.compound:5281804,CID00484
pubchem.compound:5328769,CID00486
pubchem.compound:9844109,CID00487
pubchem.compound:1853,CID00488
pubchem.compound:3941250,CID00489
pubchem.compound:5662,CID00490
pubchem.compound:3540,CID00491
pubchem.compound:4214594,CID00493
pubchem.compound:419676,CID00494
pubchem.compound:13472,CID00495
pubchem.compound:9547215,CID00496
pubchem.compound:134820163,CID00497
pubchem.compound:91769,CID00498
pubchem.compound:16759369,CID00499
pubchem.compound:5707,CID00500
pubchem.compound:5694,CID00501
pubchem.compound:9830392,CID00502
pubchem.compound:11494970,CID00503
pubchem.compound:50287,CID00504
pubchem.compound:5587,CID00505
pubchem.compound:71433791,CID00508
pubchem.compound:9823180,CID00509
pubchem.compound:442872,CID00510
pubchem.compound:5152,CID00511
pubchem.compound:5941539,CID00512
pubchem.compound:9872438,CID00513
pubchem.compound:195164,CID00514
pubchem.compound:5311452,CID00515
pubchem.compound:164305,CID00517
pubchem.compound:10668061,CID00518
pubchem.compound:2807869,CID00519
pubchem.compound:4306515,CID00520
pubchem.compound:4210951,CID00521
pubchem.compound:667594,CID00522
pubchem.compound:6604926,CID00523
pubchem.compound:443389,CID00524
pubchem.compound:126769,CID00525
pubchem.compound:39912,CID00526
pubchem.compound:60511,CID00527
pubchem.compound:135410906,CID00528
pubchem.compound:3567002,CID00529
pubchem.compound:5926218,CID00530
pubchem.compound:19423848,CID00531
pubchem.compound:6421522,CID00532
pubchem.compound:9929138,CID00533
pubchem.compound:9549305,CID00535
pubchem.compound:11243536,CID00536
pubchem.compound:5917,CID00537
pubchem.compound:43345,CID00538
pubchem.compound:10494,CID00539
pubchem.compound:9918,CID00540
pubchem.compound:262093,CID00541
pubchem.compound:19103,CID00542
pubchem.compound:107838,CID00543
pubchem.compound:9803475,CID00544
pubchem.compound:22084904,CID00545
pubchem.compound:448222,CID00546
pubchem.compound:176157,CID00547
pubchem.compound:45073445,CID00548
pubchem.compound:5614,CID00549
pubchem.compound:4262,CID00550
pubchem.compound:393595,CID00551
pubchem.compound:5377914,CID00552
pubchem.compound:5353760,CID00553
pubchem.compound:3034012,CID00554
pubchem.compound:57242,CID00555
pubchem.compound:447966,CID00556
pubchem.compound:9819927,CID00557
pubchem.compound:11507802,CID00558
pubchem.compound:5280934,CID00559
pubchem.compound:4350931,CID00560
pubchem.compound:10410894,CID00561
pubchem.compound:5311374,CID00562
pubchem.compound:9872740,CID00563
pubchem.compound:4273754,CID00565
pubchem.compound:3035842,CID00566
pubchem.compound:3082718,CID00567
pubchem.compound:2736690,CID00568
pubchem.compound:3611,CID00569
pubchem.compound:5281542,CID00570
pubchem.compound:5281680,CID00572
pubchem.compound:446738,CID00573
pubchem.compound:9911463,CID00574
pubchem.compound:173615,CID00576
pubchem.compound:60785,CID00578
pubchem.compound:5311100,CID00580
pubchem.compound:49381,CID00581
pubchem.compound:5036604,CID00582
pubchem.compound:73453,CID00583
pubchem.compound:3206,CID00585
pubchem.compound:3177,CID00586
pubchem.compound:443375,CID00587
pubchem.compound:2984,CID00588
pubchem.compound:3038495,CID00589
None,CID00590
pubchem.compound:4277,CID00591
None,CID00592
pubchem.compound:107935,CID00593
pubchem.compound:16759155,CID00594
pubchem.compound:5475158,CID00597
pubchem.compound:6278000,CID00598
pubchem.compound:2777,CID00599
pubchem.compound:9915956,CID00600
pubchem.compound:5024764,CID00601
None,CID00602
pubchem.compound:2685,CID00603
pubchem.compound:5311242,CID00606
pubchem.compound:10154,CID00607
pubchem.compound:9841972,CID00608
pubchem.compound:2419,CID00609
None,CID00610
pubchem.compound:10479060,CID00611
pubchem.compound:2126,CID00614
pubchem.compound:4302963,CID00615
pubchem.compound:3678,CID00616
pubchem.compound:5328770,CID00617
pubchem.compound:5351362,CID00618
pubchem.compound:3330,CID00619
pubchem.compound:1354,CID00620
pubchem.compound:2837530,CID00621
pubchem.compound:3035746,CID00623
pubchem.compound:4668801,CID00624
pubchem.compound:7333,CID00625
pubchem.compound:445580,CID00626
pubchem.compound:2775510,CID00627
pubchem.compound:5281707,CID00628
pubchem.compound:65637,CID00629
pubchem.compound:5329006,CID00630
pubchem.compound:176407,CID00631
pubchem.compound:122623,CID00632
pubchem.compound:5712,CID00633
pubchem.compound:124887,CID00634
pubchem.compound:4299,CID00635
pubchem.compound:6280,CID00636
pubchem.compound:6420161,CID00637
pubchem.compound:5311493,CID00638
pubchem.compound:5626,CID00639
pubchem.compound:5387,CID00640
pubchem.compound:667601,CID00641
pubchem.compound:68077,CID00642
pubchem.compound:447912,CID00643
pubchem.compound:5368,CID00644
pubchem.compound:2777391,CID00645
pubchem.compound:122150,CID00646
pubchem.compound:6450842,CID00647
pubchem.compound:3467590,CID00648
pubchem.compound:5311451,CID00649
pubchem.compound:5270,CID00650
pubchem.compound:6917797,CID00651
pubchem.compound:6736,CID00652
pubchem.compound:5218788,CID00653
pubchem.compound:5191,CID00654
pubchem.compound:5018,CID00655
pubchem.compound:5174,CID00656
pubchem.compound:5175,CID00657
pubchem.compound:4521392,CID00658
pubchem.compound:4331799,CID00659
pubchem.compound:6604858,CID00660
pubchem.compound:127382,CID00661
pubchem.compound:5081,CID00662
pubchem.compound:16759175,CID00663
pubchem.compound:133076,CID00664
pubchem.compound:183782,CID00665
pubchem.compound:6604789,CID00666
pubchem.compound:3693566,CID00667
pubchem.compound:5063,CID00668
pubchem.compound:9884487,CID00669
pubchem.compound:4916,CID00670
pubchem.compound:4878,CID00671
pubchem.compound:27559,CID00672
pubchem.compound:9956637,CID00673
pubchem.compound:9820766,CID00674
pubchem.compound:4995951,CID00675
pubchem.compound:129348,CID00676
pubchem.compound:91668,CID00677
pubchem.compound:4567,CID00678
pubchem.compound:4515,CID00680
pubchem.compound:5875451,CID00681
pubchem.compound:4431,CID00682
pubchem.compound:135409468,CID00683
pubchem.compound:1348,CID00684
pubchem.compound:4216,CID00685
pubchem.compound:11683,CID00686
pubchem.compound:4044,CID00687
pubchem.compound:72430,CID00688
pubchem.compound:182585,CID00689
pubchem.compound:671690,CID00690
pubchem.compound:2802894,CID00691
pubchem.compound:4355450,CID00692
pubchem.compound:54676905,CID00693
pubchem.compound:3894,CID00694
pubchem.compound:5311200,CID00695
pubchem.compound:133633,CID00696
pubchem.compound:54687453,CID00697
pubchem.compound:132059,CID00698
pubchem.compound:71296988,CID00699
pubchem.compound:6603901,CID00700
pubchem.compound:3820,CID00701
pubchem.compound:9823846,CID00702
pubchem.compound:3803,CID00703
pubchem.compound:3799,CID00704
pubchem.compound:69831604,CID00705
pubchem.compound:6453092,CID00706
pubchem.compound:5701996,CID00707
pubchem.compound:10212,CID00708
pubchem.compound:3544,CID00709
pubchem.compound:6450546,CID00710
pubchem.compound:3447,CID00711
pubchem.compound:3538,CID00712
pubchem.compound:644213,CID00713
pubchem.compound:9943465,CID00714
pubchem.compound:9934458,CID00715
pubchem.compound:3385203,CID00716
pubchem.compound:9884817,CID00717
pubchem.compound:128018,CID00718
pubchem.compound:9953599,CID00719
pubchem.compound:3456,CID00721
pubchem.compound:3423,CID00723
pubchem.compound:440735,CID00724
pubchem.compound:9801969,CID00725
pubchem.compound:9892554,CID00726
pubchem.compound:6166,CID00728
pubchem.compound:4284,CID00730
pubchem.compound:656765,CID00731
pubchem.compound:3921152,CID00732
pubchem.compound:54682463,CID00733
pubchem.compound:2753,CID00734
pubchem.compound:57364,CID00735
pubchem.compound:58144,CID00736
pubchem.compound:4029677,CID00737
pubchem.compound:6711154,CID00738
pubchem.compound:2688,CID00739
pubchem.compound:3519541,CID00740
pubchem.compound:9817923,CID00741
pubchem.compound:16363,CID00742
None,CID00743
pubchem.compound:2438,CID00744
pubchem.compound:3654103,CID00745
pubchem.compound:134117,CID00746
pubchem.compound:10474339,CID00747
pubchem.compound:9903757,CID00748
pubchem.compound:5374,CID00749
pubchem.compound:6449767,CID00750
pubchem.compound:64981,CID00751
pubchem.compound:126688,CID00753
pubchem.compound:6604931,CID00754
pubchem.compound:135665263,CID00755
pubchem.compound:1550607,CID00756
pubchem.compound:65399,CID00757
pubchem.compound:133104,CID00758
pubchem.compound:2125,CID00759
pubchem.compound:5328779,CID00760
pubchem.compound:6091659,CID00761
pubchem.compound:2052,CID00762
pubchem.compound:54562,CID00763
pubchem.compound:9549298,CID00764
pubchem.compound:481747,CID00765
pubchem.compound:5281321,CID00766
pubchem.compound:5328768,CID00767
pubchem.compound:11313361,CID00768
pubchem.compound:9799508,CID00769
pubchem.compound:62034,CID00771
None,CID00772
pubchem.compound:6000,CID00773
pubchem.compound:3000667,CID00774
pubchem.compound:65351,CID00775
pubchem.compound:7028,CID00776
pubchem.compound:123662,CID00777
None,CID00778
pubchem.compound:5330535,CID00779
pubchem.compound:1456,CID00780
pubchem.compound:84008,CID00781
pubchem.compound:3101,CID00782
pubchem.compound:102614,CID00783
pubchem.compound:9926048,CID00784
pubchem.compound:7239,CID00786
pubchem.compound:689043,CID00787
pubchem.compound:14840979,CID00788
pubchem.compound:2229,CID00789
pubchem.compound:9954280,CID00790
pubchem.compound:761523,CID00791
pubchem.compound:442972,CID00792
pubchem.compound:9806489,CID00793
pubchem.compound:4673492,CID00794
pubchem.compound:158793,CID00795
pubchem.compound:9819432,CID00796
pubchem.compound:11784736,CID00797
None,CID00798
pubchem.compound:11531745,CID00799
pubchem.compound:4306,CID00800
pubchem.compound:10330240,CID00801
pubchem.compound:4694339,CID00802
pubchem.compound:3035905,CID00803
pubchem.compound:48229,CID00804
pubchem.compound:9874838,CID00806
pubchem.compound:6769,CID00807
pubchem.compound:6185,CID00808
pubchem.compound:5278,CID00809
pubchem.compound:22955,CID00810
pubchem.compound:1218,CID00811
pubchem.compound:1241,CID00812
pubchem.compound:193949,CID00813
pubchem.compound:176408,CID00814
pubchem.compound:107930,CID00815
pubchem.compound:6604889,CID00816
pubchem.compound:3854666,CID00817
pubchem.compound:6604009,CID00818
pubchem.compound:146157296,CID00819
pubchem.compound:6878030,CID00821
pubchem.compound:443951,CID00822
pubchem.compound:3045227,CID00823
pubchem.compound:17756791,CID00824
pubchem.compound:46740,CID00825
pubchem.compound:11317883,CID00826
pubchem.compound:9953769,CID00827
pubchem.compound:9824953,CID00828
pubchem.compound:5468216,CID00829
pubchem.compound:135433658,CID00830
pubchem.compound:311434,CID00831
pubchem.compound:68071,CID00832
pubchem.compound:11201035,CID00833
pubchem.compound:1990,CID00834
pubchem.compound:4369491,CID00835
pubchem.compound:4712,CID00836
pubchem.compound:9887870,CID00837
None,CID00838
pubchem.compound:5311093,CID00839
pubchem.compound:6604915,CID00840
pubchem.compound:5353842,CID00841
pubchem.compound:16102146,CID00842
pubchem.compound:123767,CID00843
pubchem.compound:5497186,CID00844
pubchem.compound:5486827,CID00845
pubchem.compound:3408722,CID00846
pubchem.compound:92327938,CID00847
pubchem.compound:1549133,CID00848
pubchem.compound:9888030,CID00849
pubchem.compound:9891901,CID00850
pubchem.compound:5288811,CID00851
pubchem.compound:11538542,CID00852
pubchem.compound:6603931,CID00853
pubchem.compound:9926998,CID00854
pubchem.compound:9845197,CID00855
pubchem.compound:54483521,CID00856
pubchem.compound:10022508,CID00857
pubchem.compound:14987,CID00858
pubchem.compound:122162,CID00859
pubchem.compound:442646,CID00860
pubchem.compound:122023,CID00861
None,CID00862
pubchem.compound:121930,CID00863
pubchem.compound:5311257,CID00864
pubchem.compound:6435901,CID00865
None,CID00866
pubchem.compound:6603897,CID00867
pubchem.compound:132846,CID00868
pubchem.compound:132837,CID00869
pubchem.compound:121918,CID00870
None,CID00871
pubchem.compound:9872389,CID00872
pubchem.compound:135400439,CID00873
pubchem.compound:1126109,CID00874
pubchem.compound:10446295,CID00875
None,CID00876
pubchem.compound:11201705,CID00877
pubchem.compound:3783,CID00878
pubchem.compound:127403,CID00881
pubchem.compound:5311192,CID00882
pubchem.compound:123686,CID00883
pubchem.compound:3674,CID00884
pubchem.compound:54685921,CID00885
pubchem.compound:10748,CID00886
pubchem.compound:10981286,CID00887
pubchem.compound:34772,CID00888
pubchem.compound:449241,CID00889
pubchem.compound:11595431,CID00890
pubchem.compound:5329480,CID00891
pubchem.compound:9800961,CID00892
pubchem.compound:3505,CID00893
pubchem.compound:6918030,CID00894
pubchem.compound:173614,CID00895
pubchem.compound:107780,CID00896
pubchem.compound:6439447,CID00897
pubchem.compound:3442,CID00898
pubchem.compound:107810,CID00899
pubchem.compound:13791,CID00900
pubchem.compound:54677973,CID00901
pubchem.compound:441728,CID00902
pubchem.compound:5410903,CID00903
pubchem.compound:135522417,CID00904
pubchem.compound:94701,CID00905
pubchem.compound:3919910,CID00906
pubchem.compound:9419,CID00907
pubchem.compound:93504,CID00908
pubchem.compound:2790,CID00909
pubchem.compound:2763,CID00910
pubchem.compound:5282138,CID00911
None,CID00912
pubchem.compound:124007,CID00914
pubchem.compound:104895,CID00915
pubchem.compound:3086599,CID00916
pubchem.compound:5311042,CID00917
pubchem.compound:132252,CID00918
pubchem.compound:2566,CID00919
pubchem.compound:5287620,CID00920
pubchem.compound:5329255,CID00921
pubchem.compound:5353454,CID00922
pubchem.compound:2415,CID00923
pubchem.compound:5280373,CID00924
pubchem.compound:2293,CID00925
pubchem.compound:15723,CID00926
None,CID00927
pubchem.compound:3641059,CID00928
pubchem.compound:5283393,CID00929
pubchem.compound:7059445,CID00930
pubchem.compound:6604822,CID00931
pubchem.compound:2049,CID00932
None,CID00933
pubchem.compound:5328760,CID00934
pubchem.compound:5328771,CID00935
pubchem.compound:5328771,CID00936
pubchem.compound:27812,CID00937
pubchem.compound:4839,CID00938
pubchem.compound:107926,CID00939
pubchem.compound:60943,CID00940
pubchem.compound:446541,CID00942
pubchem.compound:57030,CID00943
pubchem.compound:56599306,CID00944
pubchem.compound:135565082,CID00945
pubchem.compound:11219835,CID00946
pubchem.compound:91471,CID00947
pubchem.compound:15387,CID00948
pubchem.compound:131682,CID00949
pubchem.compound:5281078,CID00950
pubchem.compound:5488548,CID00951
pubchem.compound:25171648,CID00952
pubchem.compound:133017,CID00953
None,CID00954
pubchem.compound:196968,CID00955
pubchem.compound:24812758,CID00956
pubchem.compound:5311128,CID00957
pubchem.compound:9841834,CID00958
pubchem.compound:56959,CID00959
pubchem.compound:3343,CID00960
pubchem.compound:23662025,CID00961
pubchem.compound:6918670,CID00963
pubchem.compound:405012,CID00964
pubchem.compound:114750,CID00965
pubchem.compound:59227,CID00966
pubchem.compound:11319053,CID00967
pubchem.compound:9907323,CID00968
pubchem.compound:93504,CID00970
pubchem.compound:4848,CID00971
pubchem.compound:6918554,CID00972
pubchem.compound:4993,CID00973
pubchem.compound:128919,CID00974
pubchem.compound:21109,CID00975
pubchem.compound:59174488,CID00977
pubchem.compound:9808022,CID00978
pubchem.compound:21071390,CID00979
pubchem.compound:3547,CID00980
pubchem.compound:1150897,CID00981
pubchem.compound:636403,CID00982
pubchem.compound:122327,CID00983
pubchem.compound:64982,CID00984
pubchem.compound:10294813,CID00985
pubchem.compound:9853053,CID00986
pubchem.compound:68848,CID00987
pubchem.compound:164522,CID00988
pubchem.compound:72303,CID00989
pubchem.compound:23190,CID00990
pubchem.compound:9810929,CID00992
pubchem.compound:130881,CID00993
pubchem.compound:219024,CID00994
pubchem.compound:10275777,CID00995
None,CID00996
pubchem.compound:3969,CID00997
pubchem.compound:3752,CID00998
pubchem.compound:5081913,CID00999
pubchem.compound:35375,CID01000
pubchem.compound:71721648,CID01002
pubchem.compound:60910,CID01003
pubchem.compound:78357816,CID01004
pubchem.compound:40704,CID01005
pubchem.compound:53389,CID01006
pubchem.compound:16118392,CID01007
pubchem.compound:46848036,CID01008
pubchem.compound:11658655,CID01009
pubchem.compound:24873435,CID01010
pubchem.compound:5059,CID01011
pubchem.compound:115210,CID01012
pubchem.compound:4671,CID01013
pubchem.compound:166558,CID01014
pubchem.compound:4417,CID01015
pubchem.compound:11243969,CID01016
pubchem.compound:33887,CID01017
pubchem.compound:155903766,CID01018
pubchem.compound:3036703,CID01019
pubchem.compound:5283734,CID01020
pubchem.compound:16720766,CID01021
pubchem.compound:5639,CID01022
pubchem.compound:10221150,CID01023
pubchem.compound:6918508,CID01024
pubchem.compound:49867937,CID01026
pubchem.compound:163844,CID01027
pubchem.compound:24771824,CID01028
pubchem.compound:29243,CID01029
pubchem.compound:72093,CID01030
pubchem.compound:23727689,CID01031
pubchem.compound:9547243,CID01032
pubchem.compound:11538455,CID01033
pubchem.compound:46883536,CID01034
pubchem.compound:10295295,CID01035
pubchem.compound:135497803,CID01036
pubchem.compound:5312149,CID01037
pubchem.compound:1646,CID01038
pubchem.compound:50248,CID01039
pubchem.compound:16126898,CID01040
pubchem.compound:6398761,CID01041
pubchem.compound:24748573,CID01042
pubchem.compound:11620908,CID01043
pubchem.compound:156333,CID01044
pubchem.compound:3074,CID01045
pubchem.compound:11949652,CID01046
pubchem.compound:5311281,CID01047
pubchem.compound:3698,CID01048
pubchem.compound:3009355,CID01049
pubchem.compound:121878,CID01050
pubchem.compound:170361,CID01051
pubchem.compound:44182295,CID01053
pubchem.compound:4823,CID01054
pubchem.compound:23626877,CID01055
pubchem.compound:9808844,CID01056
pubchem.compound:107967,CID01057
pubchem.compound:10071196,CID01058
pubchem.compound:44623946,CID01059
pubchem.compound:49848070,CID01060
pubchem.compound:4037,CID01061
pubchem.compound:3352,CID01062
pubchem.compound:10783,CID01063
pubchem.compound:9867642,CID01064
pubchem.compound:5311424,CID01066
pubchem.compound:11519070,CID01067
pubchem.compound:9887712,CID01068
pubchem.compound:1520267,CID01069
pubchem.compound:51001932,CID01070
pubchem.compound:5282136,CID01071
pubchem.compound:4814,CID01072
pubchem.compound:25019940,CID01073
pubchem.compound:65957,CID01074
pubchem.compound:6303,CID01075
pubchem.compound:9851211,CID01076
pubchem.compound:71157,CID01077
pubchem.compound:3277,CID01078
pubchem.compound:159325,CID01079
pubchem.compound:5310993,CID01080
pubchem.compound:9867770,CID01081
pubchem.compound:25025298,CID01082
pubchem.compound:128355,CID01083
pubchem.compound:444036,CID01084
pubchem.compound:72124,CID01085
pubchem.compound:5353788,CID01086
pubchem.compound:64945,CID01087
pubchem.compound:198693,CID01088
pubchem.compound:9910486,CID01089
pubchem.compound:11548630,CID01090
pubchem.compound:3278,CID01091
pubchem.compound:3926,CID01092
None,CID01093
pubchem.compound:3949,CID01094
pubchem.compound:11438771,CID01095
pubchem.compound:42642648,CID01096
pubchem.compound:3052,CID01097
pubchem.compound:178024,CID01098
pubchem.compound:71346,CID01099
None,CID01101
pubchem.compound:1236,CID01102
pubchem.compound:6438330,CID01104
pubchem.compound:5904,CID01105
pubchem.compound:6604909,CID01106
pubchem.compound:9863672,CID01107
pubchem.compound:443955,CID01108
pubchem.compound:132519,CID01110
pubchem.compound:443953,CID01111
pubchem.compound:1088,CID01112
pubchem.compound:213046,CID01113
pubchem.compound:68871,CID01114
pubchem.compound:3932,CID01115
pubchem.compound:4938,CID01116
pubchem.compound:6918314,CID01117
pubchem.compound:6445533,CID01119
pubchem.compound:5353646,CID01120
pubchem.compound:44137946,CID01121
pubchem.compound:16123056,CID01122
pubchem.compound:108137,CID01123
pubchem.compound:51049968,CID01124
pubchem.compound:148195,CID01125
pubchem.compound:222528,CID01126
pubchem.compound:6436,CID01127
pubchem.compound:135659063,CID01128
pubchem.compound:5025739,CID01130
pubchem.compound:24800541,CID01131
pubchem.compound:11154555,CID01132
pubchem.compound:16718576,CID01133
pubchem.compound:56645356,CID01134
pubchem.compound:132862,CID01135
pubchem.compound:9838712,CID01136
pubchem.compound:176873,CID01137
pubchem.compound:2132,CID01138
pubchem.compound:4826,CID01139
pubchem.compound:3718,CID01140
pubchem.compound:25117126,CID01141
pubchem.compound:6918184,CID01144
pubchem.compound:5281969,CID01145
pubchem.compound:10173277,CID01146
pubchem.compound:1345,CID01147
pubchem.compound:3121,CID01148
pubchem.compound:2687,CID01149
pubchem.compound:71203,CID01150
pubchem.compound:9823820,CID01151
pubchem.compound:127151,CID01152
pubchem.compound:3242,CID01154
pubchem.compound:3071,CID01155
pubchem.compound:31307,CID01156
pubchem.compound:30668,CID01159
pubchem.compound:4199,CID01160
pubchem.compound:5991,CID01161
pubchem.compound:1329,CID01162
pubchem.compound:3712,CID01163
pubchem.compound:4418,CID01164
pubchem.compound:9828911,CID01166
pubchem.compound:3033677,CID01167
pubchem.compound:2381,CID01168
pubchem.compound:9889200,CID01169
pubchem.compound:4633,CID01170
pubchem.compound:25033539,CID01171
pubchem.compound:10437018,CID01172
pubchem.compound:9818682,CID01173
pubchem.compound:6451164,CID01174
pubchem.compound:208898,CID01175
pubchem.compound:2782,CID01176
pubchem.compound:2725,CID01177
pubchem.compound:71299339,CID01178
pubchem.compound:108046,CID01179
pubchem.compound:33630,CID01180
pubchem.compound:6215,CID01181
pubchem.compound:124246,CID01182
pubchem.compound:68712,CID01183
pubchem.compound:2310,CID01184
pubchem.compound:213040,CID01185
pubchem.compound:3219,CID01186
pubchem.compound:2081,CID01187
pubchem.compound:2353,CID01188
pubchem.compound:54682876,CID01189
pubchem.compound:442894,CID01191
pubchem.compound:11180808,CID01192
pubchem.compound:24946690,CID01193
pubchem.compound:104850,CID01194
pubchem.compound:6604918,CID01195
pubchem.compound:11749858,CID01196
pubchem.compound:6323266,CID01197
pubchem.compound:11226090,CID01198
pubchem.compound:16007367,CID01199
pubchem.compound:132449,CID01200
pubchem.compound:57335384,CID01201
pubchem.compound:25025505,CID01202
pubchem.compound:46926360,CID01203
pubchem.compound:119369,CID01204
pubchem.compound:5493444,CID01205
pubchem.compound:65889,CID01206
pubchem.compound:25234918,CID01207
pubchem.compound:24963252,CID01208
pubchem.compound:23635314,CID01209
pubchem.compound:3960,CID01210
pubchem.compound:51576,CID01211
pubchem.compound:1548955,CID01212
pubchem.compound:936,CID01213
pubchem.compound:3827,CID01214
pubchem.compound:11609955,CID01215
None,CID01216
pubchem.compound:148184,CID01217
pubchem.compound:122070,CID01218
pubchem.compound:44187362,CID01219
pubchem.compound:15376,CID01220
pubchem.compound:104842,CID01221
pubchem.compound:107970,CID01222
pubchem.compound:119373,CID01223
pubchem.compound:5469318,CID01224
pubchem.compound:108107,CID01225
pubchem.compound:3448,CID01227
pubchem.compound:5577,CID01229
pubchem.compound:25151504,CID01230
pubchem.compound:10521421,CID01231
pubchem.compound:5284550,CID01233
pubchem.compound:16734800,CID01234
pubchem.compound:10026128,CID01235
pubchem.compound:24748204,CID01236
pubchem.compound:44205240,CID01237
pubchem.compound:1234,CID01238
pubchem.compound:121891,CID01239
pubchem.compound:11556427,CID01242
pubchem.compound:39065,CID01243
pubchem.compound:135398495,CID01244
pubchem.compound:9832447,CID01245
pubchem.compound:41049,CID01246
pubchem.compound:3689,CID01247
pubchem.compound:9806229,CID01248
pubchem.compound:3103,CID01249
pubchem.compound:114709,CID01250
pubchem.compound:65906,CID01251
pubchem.compound:151172,CID01252
pubchem.compound:68602,CID01253
pubchem.compound:4593,CID01254
pubchem.compound:56846693,CID01255
pubchem.compound:135564749,CID01256
pubchem.compound:9930049,CID01257
pubchem.compound:3721046,CID01258
pubchem.compound:9939609,CID01259
pubchem.compound:6444692,CID01260
pubchem.compound:4456,CID01261
pubchem.compound:8249,CID01262
pubchem.compound:21700,CID01263
pubchem.compound:134778,CID01264
pubchem.compound:133621,CID01265
pubchem.compound:155815,CID01266
pubchem.compound:131746,CID01267
pubchem.compound:2788,CID01268
pubchem.compound:135413533,CID01269
pubchem.compound:11520894,CID01270
pubchem.compound:1645,CID01271
pubchem.compound:24737642,CID01272
pubchem.compound:107751,CID01273
pubchem.compound:10201696,CID01275
pubchem.compound:44155856,CID01276
pubchem.compound:1549000,CID01277
pubchem.compound:59693,CID01278
pubchem.compound:15984937,CID01279
pubchem.compound:2882,CID01280
pubchem.compound:9818903,CID01282
pubchem.compound:400769,CID01283
pubchem.compound:216327,CID01284
pubchem.compound:71481097,CID01285
pubchem.compound:4032,CID01286
pubchem.compound:444029,CID01287
pubchem.compound:128563,CID01288
pubchem.compound:5281727,CID01289
pubchem.compound:2377,CID01290
pubchem.compound:5205,CID01291
pubchem.compound:54726191,CID01292
pubchem.compound:71354,CID01293
pubchem.compound:72301,CID01295
pubchem.compound:122077,CID01296
pubchem.compound:9887537,CID01297
pubchem.compound:5311345,CID01298
pubchem.compound:25166913,CID01299
pubchem.compound:121926,CID01301
pubchem.compound:4167,CID01302
pubchem.compound:54385,CID01303
pubchem.compound:39836,CID01304
pubchem.compound:3455,CID01305
pubchem.compound:10798271,CID01306
pubchem.compound:57697,CID01307
pubchem.compound:132999,CID01308
pubchem.compound:25031915,CID01309
pubchem.compound:123683,CID01310
pubchem.compound:123983,CID01311
pubchem.compound:6839,CID01312
pubchem.compound:5311339,CID01313
pubchem.compound:47319,CID01315
pubchem.compound:2722,CID01316
pubchem.compound:49831257,CID01317
pubchem.compound:11502243,CID01318
pubchem.compound:11570626,CID01319
pubchem.compound:135399235,CID01320
pubchem.compound:107641,CID01322
pubchem.compound:159594,CID01323
pubchem.compound:208901,CID01324
pubchem.compound:5042,CID01325
pubchem.compound:6610243,CID01326
pubchem.compound:5281855,CID01327
pubchem.compound:169870,CID01330
pubchem.compound:24988881,CID01331
pubchem.compound:6918612,CID01332
pubchem.compound:656615,CID01333
pubchem.compound:4698,CID01335
pubchem.compound:462382,CID01336
pubchem.compound:121877,CID01337
pubchem.compound:12555,CID01338
pubchem.compound:46947264,CID01339
pubchem.compound:3025944,CID01340
pubchem.compound:5511,CID01341
pubchem.compound:6178111,CID01342
pubchem.compound:4705,CID01343
pubchem.compound:5311051,CID01344
pubchem.compound:5318998,CID01345
pubchem.compound:65909,CID01346
pubchem.compound:125564,CID01347
None,CID01348
pubchem.compound:50905713,CID01349
pubchem.compound:448014,CID01350
pubchem.compound:11552706,CID01351
pubchem.compound:59472121,CID01352
pubchem.compound:46239015,CID01353
pubchem.compound:10296883,CID01355
pubchem.compound:5312122,CID01356
pubchem.compound:9843750,CID01357
pubchem.compound:1694,CID01358
pubchem.compound:5312126,CID01359
pubchem.compound:46901937,CID01361
pubchem.compound:11234052,CID01362
pubchem.compound:25062766,CID01363
pubchem.compound:10109823,CID01364
pubchem.compound:11640390,CID01365
pubchem.compound:25126798,CID01366
pubchem.compound:56649450,CID01367
pubchem.compound:11977753,CID01368
pubchem.compound:9549289,CID01369
pubchem.compound:135398506,CID01370
pubchem.compound:6918454,CID01371
pubchem.compound:16722836,CID01372
pubchem.compound:6852167,CID01373
pubchem.compound:24180719,CID01374
pubchem.compound:135565545,CID01375
pubchem.compound:9549297,CID01376
pubchem.compound:160355,CID01377
pubchem.compound:51358113,CID01378
pubchem.compound:6445562,CID01379
pubchem.compound:44137675,CID01380
pubchem.compound:9907093,CID01381
pubchem.compound:25195294,CID01382
pubchem.compound:11476171,CID01383
pubchem.compound:11598628,CID01384
pubchem.compound:16007391,CID01385
pubchem.compound:11327430,CID01386
None,CID01387
pubchem.compound:265237,CID01388
pubchem.compound:9956119,CID01389
None,CID01390
pubchem.compound:9810884,CID01391
None,CID01392
pubchem.compound:49836027,CID01393
pubchem.compound:5289247,CID01394
pubchem.compound:11647372,CID01396
None,CID01397
pubchem.compound:146156476,CID01398
None,CID01399
pubchem.compound:1401,CID01401
pubchem.compound:25124816,CID01402
pubchem.compound:3025986,CID01403
pubchem.compound:156414,CID01404
pubchem.compound:10184653,CID01405
pubchem.compound:73707530,CID01406
pubchem.compound:11713159,CID01407
pubchem.compound:24964624,CID01408
pubchem.compound:5330286,CID01409
pubchem.compound:135398516,CID01410
pubchem.compound:9813758,CID01411
pubchem.compound:11671467,CID01412
None,CID01413
pubchem.compound:9826308,CID01414
None,CID01415
pubchem.compound:5287969,CID01416
pubchem.compound:9869779,CID01417
pubchem.compound:92852530,CID01418
None,CID01419
None,CID01420
None,CID01421
pubchem.compound:24901704,CID01422
pubchem.compound:5166,CID01423
pubchem.compound:10430360,CID01424
pubchem.compound:9888590,CID01425
pubchem.compound:11717001,CID01427
pubchem.compound:49806720,CID01428
pubchem.compound:10077147,CID01429
None,CID01430
pubchem.compound:16747388,CID01431
pubchem.compound:3038525,CID01432
pubchem.compound:6419753,CID01433
pubchem.compound:46911863,CID01434
pubchem.compound:8515,CID01435
pubchem.compound:5924208,CID01436
pubchem.compound:11712649,CID01437
pubchem.compound:9952773,CID01438
pubchem.compound:25227462,CID01439
None,CID01440
pubchem.compound:5311510,CID01441
None,CID01442
pubchem.compound:11364421,CID01443
pubchem.compound:10302451,CID01444
pubchem.compound:11152667,CID01445
pubchem.compound:11373846,CID01446
None,CID01447
pubchem.compound:51000408,CID01448
pubchem.compound:15331,CID01449
pubchem.compound:9931954,CID01450
None,CID01451
pubchem.compound:49855250,CID01453
pubchem.compound:65064,CID01454
pubchem.compound:25150857,CID01455
pubchem.compound:46943432,CID01456
pubchem.compound:71729975,CID01457
pubchem.compound:53340666,CID01459
pubchem.compound:2130404,CID01460
pubchem.compound:46907787,CID01461
pubchem.compound:56963315,CID01462
pubchem.compound:5113032,CID01463
pubchem.compound:54685215,CID01464
pubchem.compound:9796068,CID01465
pubchem.compound:15953870,CID01466
pubchem.compound:5278396,CID01467
pubchem.compound:15983966,CID01468
pubchem.compound:24856436,CID01469
pubchem.compound:53235510,CID01470
pubchem.compound:11175137,CID01471
pubchem.compound:49867929,CID01472
pubchem.compound:71496458,CID01474
pubchem.compound:6539732,CID01475
pubchem.compound:11667893,CID01476
pubchem.compound:44607530,CID01477
pubchem.compound:9967941,CID01478
pubchem.compound:23582824,CID01479
pubchem.compound:24794418,CID01480
pubchem.compound:156422,CID01481
pubchem.compound:24739943,CID01482
None,CID01483
pubchem.compound:2051,CID01484
pubchem.compound:17754438,CID01485
pubchem.compound:24788740,CID01486
pubchem.compound:135659062,CID01487
pubchem.compound:644215,CID01488
pubchem.compound:176158,CID01489
pubchem.compound:9911830,CID01490
pubchem.compound:24875320,CID01491
None,CID01492
pubchem.compound:4261,CID01493
pubchem.compound:5350,CID01496
pubchem.compound:5284329,CID01498
pubchem.compound:20393,CID01499
pubchem.compound:8582409,CID01501
pubchem.compound:107985,CID01503
pubchem.compound:439230,CID01505
pubchem.compound:60648,CID01520
pubchem.compound:9863367,CID01521
pubchem.compound:657378,CID01525
pubchem.compound:107896,CID01529
pubchem.compound:54562,CID01534
pubchem.compound:442195,CID01537
pubchem.compound:27400,CID01539
pubchem.compound:107715,CID01542
pubchem.compound:5723,CID01543
pubchem.compound:71415,CID01548
pubchem.compound:122724,CID01549
pubchem.compound:5283066,CID01571
pubchem.compound:5694,CID01576
pubchem.compound:5458428,CID01577
pubchem.compound:3006531,CID01578
pubchem.compound:176155,CID01581
pubchem.compound:4713,CID01582
pubchem.compound:91827739,CID01583
pubchem.compound:222757,CID01590
pubchem.compound:24385,CID01612
pubchem.compound:441335,CID01618
pubchem.compound:3410,CID01619
pubchem.compound:444732,CID01625
pubchem.compound:6918852,CID01627
pubchem.compound:24462,CID01630
pubchem.compound:159603,CID01641
pubchem.compound:8246,CID01651
pubchem.compound:26879,CID01652
pubchem.compound:6435890,CID01654
pubchem.compound:62959,CID01655
pubchem.compound:38409,CID01656
pubchem.compound:4922,CID01657
pubchem.compound:47811,CID01658
pubchem.compound:7456,CID01659
pubchem.compound:1549120,CID01660
pubchem.compound:38945,CID01662
pubchem.compound:135403821,CID01664
pubchem.compound:24085,CID01666
pubchem.compound:3965,CID01667
pubchem.compound:5362440,CID01668
pubchem.compound:8785,CID01670
pubchem.compound:119584,CID01673
pubchem.compound:2264,CID01675
pubchem.compound:5467,CID01676
pubchem.compound:5403,CID01677
pubchem.compound:22475,CID01678
pubchem.compound:4914,CID01679
pubchem.compound:4011,CID01680
pubchem.compound:3191,CID01681
pubchem.compound:6000,CID01682
pubchem.compound:26987,CID01683
pubchem.compound:5311036,CID01684
pubchem.compound:2467,CID01685
None,CID01686
pubchem.compound:36324,CID01687
pubchem.compound:5210,CID01688
pubchem.compound:4843,CID01689
pubchem.compound:3675,CID01690
pubchem.compound:5386,CID01691
pubchem.compound:135403648,CID01692
pubchem.compound:18343,CID01694
pubchem.compound:4636,CID01695
pubchem.compound:54585,CID01696
pubchem.compound:5733,CID01697
pubchem.compound:6124,CID01698
pubchem.compound:3334,CID01701
pubchem.compound:656665,CID01703
pubchem.compound:5694,CID01705
pubchem.compound:40854,CID01706
pubchem.compound:4496,CID01707
pubchem.compound:4649,CID01711
pubchem.compound:5897,CID01713
pubchem.compound:2406,CID01714
pubchem.compound:853433,CID01716
pubchem.compound:2176,CID01718
pubchem.compound:60712,CID01719
pubchem.compound:466151,CID01721
pubchem.compound:15938,CID01722
pubchem.compound:119565,CID01723
pubchem.compound:50942,CID01724
pubchem.compound:446156,CID01725
pubchem.compound:34870,CID01726
pubchem.compound:8478,CID01729
pubchem.compound:1549103,CID01731
pubchem.compound:3518,CID01732
pubchem.compound:2730,CID01733
pubchem.compound:5281708,CID01739
pubchem.compound:8667,CID01741
pubchem.compound:8346,CID01742
pubchem.compound:447912,CID01749
pubchem.compound:2126,CID01750
pubchem.compound:9956119,CID01754
pubchem.compound:51040,CID01755
pubchem.compound:6437,CID01756
pubchem.compound:441853,CID01757
pubchem.compound:8575,CID01761
pubchem.compound:12251,CID01762
pubchem.compound:4178,CID01763
pubchem.compound:4098,CID01764
pubchem.compound:5694,CID01765
pubchem.compound:2723949,CID01766
pubchem.compound:135398735,CID01768
pubchem.compound:441074,CID01769
pubchem.compound:5921,CID01771
pubchem.compound:9415,CID01773
pubchem.compound:3114,CID01775
pubchem.compound:6419921,CID01776
pubchem.compound:22722,CID01777
None,CID51257
None,CID51273
None,CID51279
None,CID51295
None,CID51310
None,CID51312
None,CID51320
None,CID51323
None,CID51327
None,CID51330
None,CID51333
None,CID51334
None,CID51337
None,CID51338
None,CID51343
None,CID51345
None,CID51346
None,CID51348
None,CID51349
None,CID51350
None,CID51352
None,CID51353
None,CID51355
None,CID51356
None,CID51358
None,CID51359
None,CID51361
None,CID51362
pubchem.compound:2708,CID51363
None,CID51364
None,CID51367
None,CID51371
None,CID51372
None,CID51374
None,CID51377
None,CID51378
None,CID51379
None,CID51382
None,CID51384
None,CID51387
None,CID51388
None,CID51389
None,CID51390
None,CID51391
None,CID51394
None,CID51396
None,CID51397
None,CID51398
None,CID51400
None,CID51401
None,CID51402
None,CID51404
None,CID51406
None,CID51408
None,CID51415
None,CID51420
None,CID51421
None,CID51422
None,CID51423
None,CID51425
None,CID51427
None,CID51431
None,CID51432
None,CID51433
None,CID51437
None,CID51439
None,CID51440
None,CID51441
None,CID51443
None,CID51450
None,CID51452
None,CID51453
None,CID51454
None,CID51455
pubchem.compound:4060,CID51457
pubchem.compound:5090,CID51458
None,CID51462
None,CID51464
None,CID51468
None,CID51469
None,CID51470
None,CID51473
pubchem.compound:119607,CID51479
None,CID51481
None,CID51482
None,CID51483
None,CID51484
None,CID51486
None,CID51489
None,CID51494
None,CID51498
None,CID51499
None,CID51502
None,CID51509
None,CID51510
None,CID51511
None,CID51512
None,CID51513
None,CID51514
None,CID51515
None,CID51516
None,CID51517
None,CID51518
None,CID51519
None,CID51525
None,CID51526
None,CID51530
None,CID51531
None,CID51532
None,CID51534
None,CID51535
None,CID51536
None,CID51538
None,CID51539
None,CID51541
None,CID51543
None,CID51544
None,CID51545
None,CID51548
pubchem.compound:119031,CID51550
None,CID51551
None,CID51554
None,CID51555
None,CID51558
None,CID51559
None,CID51560
None,CID51563
None,CID51565
None,CID51569
None,CID51570
None,CID51573
None,CID51574
None,CID51578
None,CID51579
None,CID51580
None,CID51581
None,CID51586
None,CID51591
None,CID51594
None,CID51596
None,CID51597
None,CID51598
None,CID51599
None,CID51601
None,CID51604
None,CID51605
None,CID51609
None,CID51610
None,CID51611
None,CID51612
None,CID51613
None,CID51614
None,CID51616
None,CID51617
None,CID51618
None,CID51619
None,CID51620
None,CID51622
None,CID51623
None,CID51624
None,CID51626
None,CID51627
None,CID51628
None,CID51630
None,CID51633
None,CID51635
None,CID51636
None,CID51637
None,CID51638
None,CID51641
None,CID51642
None,CID51644
None,CID51648
None,CID51649
None,CID51653
None,CID51655
None,CID51657
None,CID51659
None,CID51660
None,CID51663
None,CID51667
None,CID51668
None,CID51670
None,CID51671
None,CID51675
None,CID51677
None,CID51678
pubchem.compound:4753,CID51680
None,CID51681
None,CID51683
None,CID51684
None,CID51685
None,CID51688
None,CID51689
None,CID51694
None,CID51697
None,CID51698
None,CID51699
None,CID51700
None,CID51701
None,CID51702
None,CID51705
None,CID51706
None,CID51707
None,CID51709
None,CID51710
None,CID51711
None,CID51714
None,CID51716
None,CID51718
None,CID51720
None,CID51721
None,CID51726
None,CID51727
None,CID51729
None,CID51730
None,CID51732
None,CID51737
None,CID51746
None,CID51750
None,CID51764
pubchem.compound:6291,CID51773
pubchem.compound:60663,CID51780
None,CID51784
None,CID51785
None,CID51787
None,CID51789
None,CID51790
None,CID51791
None,CID51792
None,CID51798
None,CID51799
None,CID51801
None,CID51802
None,CID51814
None,CID51827
None,CID51833
None,CID51834
None,CID51836
None,CID51844
None,CID51857
None,CID51865
None,CID51887
None,CID51896
None,CID51898
None,CID51963
None,CID51982
None,CID52003
None,CID52008
None,CID52046
None,CID52095
pubchem.compound:2120,CID52147
None,CID52148
pubchem.compound:4592,CID52229
None,CID52287
pubchem.compound:1893,CID52299
pubchem.compound:5288382,CID52467
pubchem.compound:445070,CID52539
pubchem.compound:5326713,CID52563
None,CID52564
None,CID52596
pubchem.compound:337359,CID52689
pubchem.compound:4849,CID52856
None,CID52955
None,CID52967
pubchem.compound:5280335,CID53079
pubchem.compound:128878,CID53191
None,CID53241
pubchem.compound:932,CID53274
pubchem.compound:6323491,CID53491
None,CID53492
None,CID53509
None,CID53559
pubchem.compound:5362422,CID53583
None,CID53603
pubchem.compound:446916,CID53822
None,CID53939
pubchem.compound:5453,CID54115
None,CID54122
pubchem.compound:2196,CID54134
pubchem.compound:97297,CID54138
None,CID54156
None,CID54173
pubchem.compound:10621,CID54212
None,CID54213
pubchem.compound:4495,CID54236
None,CID54287
None,CID54288
None,CID54289
None,CID54292
None,CID54293
None,CID54295
None,CID54296
None,CID54297
None,CID54305
None,CID54306
None,CID54320
None,CID54338
None,CID54346
None,CID54357
None,CID54359
None,CID54366
None,CID54391
pubchem.compound:50515,CID54393
pubchem.compound:101616,CID54452
None,CID54518
None,CID54520
pubchem.compound:9871074,CID54573
None,CID54577
None,CID54594
pubchem.compound:10341154,CID54611
pubchem.compound:11398092,CID54632
pubchem.compound:1253,CID54634
None,CID54726
None,CID54731
None,CID54734
None,CID54736
None,CID54737
None,CID54743
None,CID54747
None,CID54749
None,CID54750
None,CID54752
pubchem.compound:5329098,CID54753
None,CID54761
None,CID54762
None,CID54765
None,CID54766
pubchem.compound:10152654,CID54771
None,CID54786
None,CID54787
None,CID54792
None,CID54797
None,CID54798
None,CID54803
None,CID54804
pubchem.compound:4477,CID54805
pubchem.compound:9826528,CID55063
None,CID55186
pubchem.compound:3332,CID55415
None,CID55540
None,CID55630
None,CID55635
pubchem.compound:445858,CID55677
pubchem.compound:22049997,CID55836
pubchem.compound:24864821,CID55960
pubchem.compound:122335,CID56317
pubchem.compound:3342298,CID56321
None,CID56415
pubchem.compound:3132,CID56435
None,CID56441
None,CID56579
None,CID56581
None,CID56591
None,CID56592
None,CID56608
pubchem.compound:73333,CID56609
None,CID56610
None,CID56617
pubchem.compound:2787,CID56618
None,CID56621
None,CID56623
None,CID56629
None,CID56635
None,CID56637
pubchem.compound:11625818,CID56638
None,CID56642
None,CID56644
None,CID56650
None,CID56655
pubchem.compound:4500,CID56663
pubchem.compound:2750,CID56664
pubchem.compound:2765,CID56665
None,CID56666
None,CID56671
None,CID56674
None,CID56678
pubchem.compound:5531,CID56679
pubchem.compound:9811834,CID56680
None,CID56691
None,CID56694
None,CID56699
None,CID56703
None,CID56709
None,CID56711
None,CID56730
None,CID56741
pubchem.compound:15547703,CID56747
pubchem.compound:10288191,CID56757
pubchem.compound:26248,CID56760
pubchem.compound:3822,CID56781
pubchem.compound:4850,CID56782
pubchem.compound:3033769,CID56784
None,CID56790
pubchem.compound:5074,CID56795
pubchem.compound:5280363,CID56803
pubchem.compound:5311070,CID56805
None,CID56807
pubchem.compound:123879,CID56810
pubchem.compound:28693,CID56828
None,CID56836
None,CID56844
None,CID56852
None,CID56858
None,CID56863
None,CID56866
None,CID56867
None,CID56872
None,CID56876
None,CID56892
None,CID56898
None,CID56899
None,CID56900
None,CID56901
None,CID56903
None,CID56913
None,CID56917
None,CID56918
None,CID56928
None,CID56934
None,CID56935
None,CID56937
None,CID56941
None,CID56942
None,CID56944
None,CID56945
None,CID56947
None,CID56951
None,CID56952
None,CID56954
None,CID56955
None,CID56958
None,CID56959
None,CID56961
None,CID56964
None,CID56967
None,CID56977
None,CID56978
None,CID56979
None,CID56981
None,CID56982
None,CID56987
None,CID56990
None,CID56991
None,CID56993
None,CID56995
None,CID56997
None,CID56998
None,CID56999
None,CID57000
None,CID57003
None,CID57004
None,CID57008
None,CID57009
None,CID57010
None,CID57013
None,CID57016
None,CID57020
None,CID57022
None,CID57023
None,CID57024
None,CID57028
None,CID57031
None,CID57032
None,CID57033
None,CID57035
None,CID57036
None,CID57042
None,CID57043
None,CID57048
None,CID57049
None,CID57052
None,CID57053
None,CID57054
None,CID57056
None,CID57057
None,CID57059
None,CID57060
None,CID57061
None,CID57062
None,CID57063
None,CID57066
None,CID57068
None,CID57069
None,CID57071
None,CID57072
None,CID57077
None,CID57081
None,CID57082
None,CID57083
None,CID57086
None,CID57090
None,CID57092
None,CID57099
None,CID57102
None,CID57104
None,CID57107
None,CID57111
None,CID57112
None,CID57114
None,CID57119
None,CID57120
None,CID57121
None,CID57122
None,CID57123
None,CID57126
None,CID57128
None,CID57130
None,CID57132
None,CID57139
None,CID57140
None,CID57141
None,CID57145
None,CID57150
None,CID57153
None,CID57157
None,CID57168
None,CID57176
None,CID57179
None,CID57180
None,CID57181
None,CID57182
None,CID57186
None,CID57191
None,CID57192
None,CID57200
None,CID57201
None,CID57204
pubchem.compound:53276,CID57217
None,CID57220
None,CID57227
None,CID57228
None,CID57229
None,CID57230
None,CID57231
None,CID57234
None,CID57235
None,CID57238
None,CID57239
None,CID57240
None,CID57245
None,CID57246
None,CID57247
None,CID57249
None,CID57252
None,CID57253
None,CID57258
None,CID57259
None,CID57261
None,CID57262
None,CID57263
None,CID57264
None,CID57265
None,CID57266
None,CID57267
None,CID57270
None,CID57273
None,CID57275
None,CID57277
None,CID57278
None,CID57280
pubchem.compound:47472,CID57282
None,CID57284
None,CID57285
None,CID57287
pubchem.compound:460612,CID57288
None,CID57289
None,CID57290
None,CID57293
None,CID57295
None,CID57298
None,CID57300
None,CID57302
None,CID57303
None,CID57304
None,CID57305
None,CID57309
None,CID57310
None,CID57311
None,CID57313
None,CID57314
None,CID57315
None,CID57316
None,CID57318
None,CID57321
pubchem.compound:3677,CID57322
None,CID57347
None,CID57348
None,CID57354
None,CID57359
None,CID57363
None,CID57371
None,CID57377
None,CID57379
None,CID57384
None,CID57385
None,CID57391
None,CID57397
None,CID57398
None,CID57399
None,CID57400
None,CID57404
None,CID57406
None,CID57408
None,CID57414
None,CID57415
None,CID57425
None,CID57453
None,CID57454
None,CID57460
None,CID57471
None,CID57473
None,CID57474
None,CID57478
None,CID57481
None,CID57483
None,CID57487
None,CID57494
None,CID57497
None,CID57498
None,CID57501
None,CID57510
None,CID57516
None,CID57522
None,CID57528
None,CID57536
None,CID57537
None,CID57539
None,CID57541
None,CID57547
None,CID57550
None,CID57551
None,CID57552
None,CID57558
None,CID57560
None,CID57567
None,CID57573
None,CID57575
None,CID57578
None,CID57579
None,CID57580
None,CID57584
None,CID57592
None,CID57593
None,CID57594
None,CID57607
None,CID57616
None,CID57623
None,CID57624
None,CID57627
None,CID57632
None,CID57634
None,CID57636
None,CID57637
None,CID57639
None,CID57652
None,CID57659
None,CID57664
None,CID57668
None,CID57672
None,CID57704
None,CID57708
None,CID57709
None,CID57712
None,CID57715
None,CID57716
None,CID57723
None,CID57724
None,CID57730
None,CID57731
None,CID57733
None,CID57734
None,CID57736
None,CID57743
None,CID57744
None,CID57746
None,CID57752
None,CID57754
None,CID57767
None,CID57771
None,CID57775
None,CID57780
None,CID57785
None,CID57786
None,CID57787
None,CID57790
None,CID57791
None,CID57801
None,CID57802
None,CID57803
None,CID57813
None,CID57815
pubchem.compound:2162,CID57819
pubchem.compound:2161,CID57820
